Workbook

Sheet Executive Summary
A1: EcoConnect Faridabad - Data Verification Summary
A2: Research and review artifact for Member 3 (Data, QA & Demo Lead). It is NOT an authorization to publish any provider, and it does not change the production dataset.
A3: All counts below are formulas over the Candidate Register and Verification Evidence sheets. Review date 2026-10-10.
A5: 1. Candidate-level result
A6: Overall status (see Data Dictionary for the rule) | B6: Candidates
A7: verified | B7: =COUNTIF('Candidate Register'!$W$5:$W$14,"verified") -> 0
A8: partially_verified | B8: =COUNTIF('Candidate Register'!$W$5:$W$14,"partially_verified") -> 3
A9: unverified | B9: =COUNTIF('Candidate Register'!$W$5:$W$14,"unverified") -> 7
A10: conflicting | B10: =COUNTIF('Candidate Register'!$W$5:$W$14,"conflicting") -> 0
A11: Total candidate records | B11: =COUNTA('Candidate Register'!$A$5:$A$14) -> 10
A13: 2. Checks by category (all candidates)
A14: Verification category | B14: verified | C14: partially_verified | D14: unverified | E14: conflicting | F14: not_applicable | G14: Total | H14: Outstanding
A15: Entity match to historical record | B15: =COUNTIFS('Verification Evidence'!$C$5:$C$94,$A15,'Verification Evidence'!$D$5:$D$94,"verified") -> 0 | C15: =COUNTIFS('Verification Evidence'!$C$5:$C$94,$A15,'Verification Evidence'!$D$5:$D$94,"partially_verified") -> 9 | D15: =COUNTIFS('Verification Evidence'!$C$5:$C$94,$A15,'Verification Evidence'!$D$5:$D$94,"unverified") -> 1 | E15: =COUNTIFS('Verification Evidence'!$C$5:$C$94,$A15,'Verification Evidence'!$D$5:$D$94,"conflicting") -> 0 | F15: =COUNTIFS('Verification Evidence'!$C$5:$C$94,$A15,'Verification Evidence'!$D$5:$D$94,"not_applicable") -> 0 | G15: =SUM(B15:F15) -> 10 | H15: =G15-B15-F15 -> 10
A16: Current registration / authorization | B16: =COUNTIFS('Verification Evidence'!$C$5:$C$94,$A16,'Verification Evidence'!$D$5:$D$94,"verified") -> 0 | C16: =COUNTIFS('Verification Evidence'!$C$5:$C$94,$A16,'Verification Evidence'!$D$5:$D$94,"partially_verified") -> 3 | D16: =COUNTIFS('Verification Evidence'!$C$5:$C$94,$A16,'Verification Evidence'!$D$5:$D$94,"unverified") -> 7 | E16: =COUNTIFS('Verification Evidence'!$C$5:$C$94,$A16,'Verification Evidence'!$D$5:$D$94,"conflicting") -> 0 | F16: =COUNTIFS('Verification Evidence'!$C$5:$C$94,$A16,'Verification Evidence'!$D$5:$D$94,"not_applicable") -> 0 | G16: =SUM(B16:F16) -> 10 | H16: =G16-B16-F16 -> 10
A17: Operating at recorded address | B17: =COUNTIFS('Verification Evidence'!$C$5:$C$94,$A17,'Verification Evidence'!$D$5:$D$94,"verified") -> 0 | C17: =COUNTIFS('Verification Evidence'!$C$5:$C$94,$A17,'Verification Evidence'!$D$5:$D$94,"partially_verified") -> 2 | D17: =COUNTIFS('Verification Evidence'!$C$5:$C$94,$A17,'Verification Evidence'!$D$5:$D$94,"unverified") -> 8 | E17: =COUNTIFS('Verification Evidence'!$C$5:$C$94,$A17,'Verification Evidence'!$D$5:$D$94,"conflicting") -> 0 | F17: =COUNTIFS('Verification Evidence'!$C$5:$C$94,$A17,'Verification Evidence'!$D$5:$D$94,"not_applicable") -> 0 | G17: =SUM(B17:F17) -> 10 | H17: =G17-B17-F17 -> 10
A18: Household (individual) intake | B18: =COUNTIFS('Verification Evidence'!$C$5:$C$94,$A18,'Verification Evidence'!$D$5:$D$94,"verified") -> 0 | C18: =COUNTIFS('Verification Evidence'!$C$5:$C$94,$A18,'Verification Evidence'!$D$5:$D$94,"partially_verified") -> 0 | D18: =COUNTIFS('Verification Evidence'!$C$5:$C$94,$A18,'Verification Evidence'!$D$5:$D$94,"unverified") -> 10 | E18: =COUNTIFS('Verification Evidence'!$C$5:$C$94,$A18,'Verification Evidence'!$D$5:$D$94,"conflicting") -> 0 | F18: =COUNTIFS('Verification Evidence'!$C$5:$C$94,$A18,'Verification Evidence'!$D$5:$D$94,"not_applicable") -> 0 | G18: =SUM(B18:F18) -> 10 | H18: =G18-B18-F18 -> 10
A19: Drop-off / collection / pickup service | B19: =COUNTIFS('Verification Evidence'!$C$5:$C$94,$A19,'Verification Evidence'!$D$5:$D$94,"verified") -> 0 | C19: =COUNTIFS('Verification Evidence'!$C$5:$C$94,$A19,'Verification Evidence'!$D$5:$D$94,"partially_verified") -> 2 | D19: =COUNTIFS('Verification Evidence'!$C$5:$C$94,$A19,'Verification Evidence'!$D$5:$D$94,"unverified") -> 8 | E19: =COUNTIFS('Verification Evidence'!$C$5:$C$94,$A19,'Verification Evidence'!$D$5:$D$94,"conflicting") -> 0 | F19: =COUNTIFS('Verification Evidence'!$C$5:$C$94,$A19,'Verification Evidence'!$D$5:$D$94,"not_applicable") -> 0 | G19: =SUM(B19:F19) -> 10 | H19: =G19-B19-F19 -> 10
A20: Accepted item categories | B20: =COUNTIFS('Verification Evidence'!$C$5:$C$94,$A20,'Verification Evidence'!$D$5:$D$94,"verified") -> 0 | C20: =COUNTIFS('Verification Evidence'!$C$5:$C$94,$A20,'Verification Evidence'!$D$5:$D$94,"partially_verified") -> 0 | D20: =COUNTIFS('Verification Evidence'!$C$5:$C$94,$A20,'Verification Evidence'!$D$5:$D$94,"unverified") -> 10 | E20: =COUNTIFS('Verification Evidence'!$C$5:$C$94,$A20,'Verification Evidence'!$D$5:$D$94,"conflicting") -> 0 | F20: =COUNTIFS('Verification Evidence'!$C$5:$C$94,$A20,'Verification Evidence'!$D$5:$D$94,"not_applicable") -> 0 | G20: =SUM(B20:F20) -> 10 | H20: =G20-B20-F20 -> 10
A21: Contact channel | B21: =COUNTIFS('Verification Evidence'!$C$5:$C$94,$A21,'Verification Evidence'!$D$5:$D$94,"verified") -> 0 | C21: =COUNTIFS('Verification Evidence'!$C$5:$C$94,$A21,'Verification Evidence'!$D$5:$D$94,"partially_verified") -> 2 | D21: =COUNTIFS('Verification Evidence'!$C$5:$C$94,$A21,'Verification Evidence'!$D$5:$D$94,"unverified") -> 8 | E21: =COUNTIFS('Verification Evidence'!$C$5:$C$94,$A21,'Verification Evidence'!$D$5:$D$94,"conflicting") -> 0 | F21: =COUNTIFS('Verification Evidence'!$C$5:$C$94,$A21,'Verification Evidence'!$D$5:$D$94,"not_applicable") -> 0 | G21: =SUM(B21:F21) -> 10 | H21: =G21-B21-F21 -> 10
A22: Operating hours | B22: =COUNTIFS('Verification Evidence'!$C$5:$C$94,$A22,'Verification Evidence'!$D$5:$D$94,"verified") -> 0 | C22: =COUNTIFS('Verification Evidence'!$C$5:$C$94,$A22,'Verification Evidence'!$D$5:$D$94,"partially_verified") -> 0 | D22: =COUNTIFS('Verification Evidence'!$C$5:$C$94,$A22,'Verification Evidence'!$D$5:$D$94,"unverified") -> 10 | E22: =COUNTIFS('Verification Evidence'!$C$5:$C$94,$A22,'Verification Evidence'!$D$5:$D$94,"conflicting") -> 0 | F22: =COUNTIFS('Verification Evidence'!$C$5:$C$94,$A22,'Verification Evidence'!$D$5:$D$94,"not_applicable") -> 0 | G22: =SUM(B22:F22) -> 10 | H22: =G22-B22-F22 -> 10
A23: Listing & reuse permission | B23: =COUNTIFS('Verification Evidence'!$C$5:$C$94,$A23,'Verification Evidence'!$D$5:$D$94,"verified") -> 0 | C23: =COUNTIFS('Verification Evidence'!$C$5:$C$94,$A23,'Verification Evidence'!$D$5:$D$94,"partially_verified") -> 0 | D23: =COUNTIFS('Verification Evidence'!$C$5:$C$94,$A23,'Verification Evidence'!$D$5:$D$94,"unverified") -> 10 | E23: =COUNTIFS('Verification Evidence'!$C$5:$C$94,$A23,'Verification Evidence'!$D$5:$D$94,"conflicting") -> 0 | F23: =COUNTIFS('Verification Evidence'!$C$5:$C$94,$A23,'Verification Evidence'!$D$5:$D$94,"not_applicable") -> 0 | G23: =SUM(B23:F23) -> 10 | H23: =G23-B23-F23 -> 10
A24: All checks | B24: =SUM(B15:B23) -> 0 | C24: =SUM(C15:C23) -> 18 | D24: =SUM(D15:D23) -> 72 | E24: =SUM(E15:E23) -> 0 | F24: =SUM(F15:F23) -> 0 | G24: =SUM(G15:G23) -> 90 | H24: =SUM(H15:H23) -> 90
A25: Outstanding = checks not yet 'verified' and not 'not_applicable'. 'Completed' below means status 'verified'.
A27: 3. Headline checks: completed versus outstanding
A28: Check | B28: Completed (verified) | C28: Outstanding | D28: Of which partially verified
A29: Current registration | B29: =B16 -> 0 | C29: =H16 -> 10 | D29: =C16 -> 3
A30: Household acceptance | B30: =B18 -> 0 | C30: =H18 -> 10 | D30: =C18 -> 0
A31: Contact channel | B31: =B21 -> 0 | C31: =H21 -> 10 | D31: =C21 -> 2
A32: Operating hours | B32: =B22 -> 0 | C32: =H22 -> 10 | D32: =C22 -> 0
A33: Listing / reuse permission | B33: =B23 -> 0 | C33: =H23 -> 10 | D33: =C23 -> 0
A35: 4. Production-safety checks (all expected to stay as shown)
A36: Check | B36: Count | C36: Expected
A37: Records with active = True | B37: =COUNTIF('Candidate Register'!$U$5:$U$14,"True") -> 0 | C37: 0
A38: Records with review_status other than pending | B38: =COUNTA('Candidate Register'!$R$5:$R$14)-COUNTIF('Candidate Register'!$R$5:$R$14,"pending") -> 0 | C38: 0
A39: Records with isSample = True | B39: =COUNTIF('Candidate Register'!$T$5:$T$14,"True") -> 0 | C39: 0
A40: Records with listing_permission other than pending_clarification | B40: =COUNTA('Candidate Register'!$P$5:$P$14)-COUNTIF('Candidate Register'!$P$5:$P$14,"pending_clarification") -> 0 | C40: 0
A41: Candidates needing human follow-up (any open check) | B41: =SUMPRODUCT(--(COUNTIFS('Verification Evidence'!$A$5:$A$94,'Candidate Register'!$A$5:$A$14,'Verification Evidence'!$M$5:$M$94,"human_verification_required")>0)) -> 10 | C41: 10
A43: 5. Reconciliation checks
A44: Check | B44: Result | C44: Expected
A45: Candidate rows in register | B45: =COUNTA('Candidate Register'!$A$5:$A$14) -> 10 | C45: 10
A46: Distinct provider IDs in register | B46: =SUMPRODUCT(1/COUNTIF('Candidate Register'!$A$5:$A$14,'Candidate Register'!$A$5:$A$14)) -> 10 | C46: 10
A47: Evidence rows (10 candidates x 9 checks) | B47: =COUNTA('Verification Evidence'!$A$5:$A$94) -> 90 | C47: 90
A48: Register IDs missing from evidence | B48: =SUMPRODUCT(--(COUNTIF('Verification Evidence'!$A$5:$A$94,'Candidate Register'!$A$5:$A$14)=0)) -> 0 | C48: 0
A49: Evidence rows whose ID is not in the register | B49: =SUMPRODUCT(--(COUNTIF('Candidate Register'!$A$5:$A$14,'Verification Evidence'!$A$5:$A$94)=0)) -> 0 | C49: 0
A50: Evidence rows with no status | B50: =COUNTBLANK('Verification Evidence'!$D$5:$D$94) -> 0 | C50: 0
A51: Evidence rows with no source and no 'NO EVIDENCE LOCATED' marker | B51: =SUMPRODUCT(--('Verification Evidence'!$E$5:$E$94="")) -> 0 | C51: 0
A52: Queue rows (10 x 9 + 4 program items) | B52: =COUNTA('Human Verification Queue'!$A$5:$A$98) -> 94 | C52: 94
A53: Derived status counts add up to candidate total | B53: =SUM(B7:B10)-B11 -> 0 | C53: 0
A54: Matrix total equals evidence rows | B54: =G24-COUNTA('Verification Evidence'!$A$5:$A$94) -> 0 | C54: 0
A56: 6. Source access limitations
A57: The CPCB EPR portal (eprewaste.cpcb.gov.in), hspcb.gov.in and its original PDF 'List of E-waste Recyclers / Dismantler' disallow automated access. Current registration, CTO and EPR status could not be checked at the authoritative source for any candidate.
A58: The HSPCB reply in NGT OA No. 88 of 2025 (greentribunal.gov.in) is too large to fetch here and a direct download was blocked, so only search-extract fragments were read; inspection, CTO and EPR columns were not legible.
A59: The CPCB list used for matching is dated 08-06-2023 and is a mirror on ndmc.gov.in; it is a historical lead, not proof of current authorization.
A60: Company websites exist only for Naturevolt (read) and Re-Chakra (fetched; only its title was returned). No company pages were found for the other eight.
A62: 7. Data-quality observations (nothing in the original data was changed)
A63: The CSV starts with a UTF-8 byte-order mark before 'provider_id'; the register header shows the clean name.
A64: HIST-017 'Pargiti Vihar' may be a variant of 'Pragati Vihar' used by HIST-019 and HIST-024 (unconfirmed; not corrected). HIST-017 is also absent from the CPCB 2023 Haryana list.
A65: HIST-016 and HIST-021 both sit on plot 323, Sector-24 in the CPCB list ('Part-IV' for HIST-021): possible shared premises or a transcription difference.
A66: HIST-016, HIST-019 and HIST-020 carry the annotation '(Not available on website)' in the CPCB 2023 list; its meaning is not defined there.
A67: CSV row references (HSPCB PDF rows 16-25) use a different numbering from the CPCB list (Haryana serials 11-14 and 36-40) and could not be checked against the PDF.
A68: Look-alike names that were NOT matched: 'Endeavor Recyclers India Private Limited' (Rohtak) vs HIST-016, and 'E waste Solutions, Khasra No. ...' (2025 HSPCB fragment) vs HIST-018.
... A78: Next 4: map fields to the approved schema only after reading AGENTS.md and docs/DATA_GUIDELINES.md.

Sheet Candidate Register
A1: Candidate Register
A2: Columns A-V are the original CSV exactly as supplied (10 rows x 22 columns). Columns W-AB (blue headers) are separate, derived verification fields. The source CSV was not modified.
A3: Amber-shaded empty cells were blank in the source CSV. active=False and review_status=pending are kept for every record: quarantined research data, not for publication.
A4: provider_id | B4: provider_name | C4: provider_type_as_listed | D4: address_as_listed | E4: accepted_item_types | F4: service_modes | G4: source_url | H4: source_title | I4: source_accessed_at | J4: source_publication_date | K4: registration_status | L4: verification_level | M4: verification_method | N4: verification_evidence_ref | O4: source_license | P4: listing_permission | Q4: contact_confirmation | R4: review_status | S4: last_verified_at | T4: isSample | U4: active | V4: notes | W4: derived_overall_status | X4: derived_registration_status | Y4: derived_household_status | Z4: derived_cpcb2023_haryana_serial | AA4: derived_cpcb2023_capacity_mta | AB4: derived_flags
A5: FBD-EW-HSPCB-HIST-016 | B5: Endeavor Re-processor and Recyclers India | C5: Dismantler | D5: Plot no. 323, Sec-24, Industrial Area, Faridabad | G5: https://hspcb.gov.in/uploads/pages/ewaster_66ac829eb3965.pdf | H5: HSPCB PDF: List of E-waste Recyclers / Dismantler (historical record; current validity not established) | I5: 46304 | J5: Not established from accessible record | K5: unknown_needs_current_verification | L5: official_historical_record_only | M5: official_document_search_result | N5: HSPCB PDF row 16 (indexed search extract) | O5: not_checked | P5: pending_clarification | Q5: not_checked | R5: pending | T5: False | U5: False | V5: Do not publish as currently authorized until current CPCB registration/status and service details are verified. | W5: =IF(COUNTIFS('Verification Evidence'!$A$5:$A$94,$A5,'Verification Evidence'!$D$5:$D$94,"conflicting")>0,"conflicting",IF(COUNTIFS('Verification Evidence'!$A$5:$A$94,$A5,'Verification Evidence'!$D$5:$D$94,"verified")+COUNTIFS('Verification Evidence'!$A$5:$A$94,$A5,'Verification Evidence'!$D$5:$D$94,"not_applicable")=9,"verified",IF(COUNTIFS('Verification Evidence'!$A$5:$A$94,$A5,'Verification Evidence'!$C$5:$C$94,"Current registration / authorization",'Verification Evidence'!$D$5:$D$94,"verified")+COUNTIFS('Verification Evidence'!$A$5:$A$94,$A5,'Verification Evidence'!$C$5:$C$94,"Current registration / authorization",'Verification Evidence'!$D$5:$D$94,"partially_verified")+COUNTIFS('Verification Evidence'!$A$5:$A$94,$A5,'Verification Evidence'!$C$5:$C$94,"Operating at recorded address",'Verification Evidence'!$D$5:$D$94,"verified")+COUNTIFS('Verification Evidence'!$A$5:$A$94,$A5,'Verification Evidence'!$C$5:$C$94,"Operating at recorded address",'Verification Evidence'!$D$5:$D$94,"partially_verified")>0,"partially_verified","unverified"))) -> unverified | X5: =IFERROR(INDEX('Verification Evidence'!$D$5:$D$94,MATCH($A5&"|Current registration / authorization",'Verification Evidence'!$P$5:$P$94,0)),"MISSING") -> unverified | Y5: =IFERROR(INDEX('Verification Evidence'!$D$5:$D$94,MATCH($A5&"|Household (individual) intake",'Verification Evidence'!$P$5:$P$94,0)),"MISSING") -> unverified | Z5: 12 | AA5: 365 | AB5: Shares plot 323, Sec-24 with HIST-021; CPCB list annotation 'Not available on website'; similarly named entity in Rohtak not matched.
A6: FBD-EW-HSPCB-HIST-017 | B6: A to Z E-waste Solutions | C6: Dismantler | D6: Plot no. 66, Pargiti Vihar, Industrial Area, Sector-59, Ballabgarh, Faridabad | G6: https://hspcb.gov.in/uploads/pages/ewaster_66ac829eb3965.pdf | H6: HSPCB PDF: List of E-waste Recyclers / Dismantler (historical record; current validity not established) | I6: 46304 | J6: Not established from accessible record | K6: unknown_needs_current_verification | L6: official_historical_record_only | M6: official_document_search_result | N6: HSPCB PDF row 17 (indexed search extract) | O6: not_checked | P6: pending_clarification | Q6: not_checked | R6: pending | T6: False | U6: False | V6: Do not publish as currently authorized until current CPCB registration/status and service details are verified. | W6: =IF(COUNTIFS('Verification Evidence'!$A$5:$A$94,$A6,'Verification Evidence'!$D$5:$D$94,"conflicting")>0,"conflicting",IF(COUNTIFS('Verification Evidence'!$A$5:$A$94,$A6,'Verification Evidence'!$D$5:$D$94,"verified")+COUNTIFS('Verification Evidence'!$A$5:$A$94,$A6,'Verification Evidence'!$D$5:$D$94,"not_applicable")=9,"verified",IF(COUNTIFS('Verification Evidence'!$A$5:$A$94,$A6,'Verification Evidence'!$C$5:$C$94,"Current registration / authorization",'Verification Evidence'!$D$5:$D$94,"verified")+COUNTIFS('Verification Evidence'!$A$5:$A$94,$A6,'Verification Evidence'!$C$5:$C$94,"Current registration / authorization",'Verification Evidence'!$D$5:$D$94,"partially_verified")+COUNTIFS('Verification Evidence'!$A$5:$A$94,$A6,'Verification Evidence'!$C$5:$C$94,"Operating at recorded address",'Verification Evidence'!$D$5:$D$94,"verified")+COUNTIFS('Verification Evidence'!$A$5:$A$94,$A6,'Verification Evidence'!$C$5:$C$94,"Operating at recorded address",'Verification Evidence'!$D$5:$D$94,"partially_verified")>0,"partially_verified","unverified"))) -> unverified | X6: =IFERROR(INDEX('Verification Evidence'!$D$5:$D$94,MATCH($A6&"|Current registration / authorization",'Verification Evidence'!$P$5:$P$94,0)),"MISSING") -> unverified | Y6: =IFERROR(INDEX('Verification Evidence'!$D$5:$D$94,MATCH($A6&"|Household (individual) intake",'Verification Evidence'!$P$5:$P$94,0)),"MISSING") -> unverified | Z6: not found in list | AA6: n/a | AB6: Not found in CPCB 2023 Haryana list; 'Pargiti Vihar' may be a variant of 'Pragati Vihar' (unconfirmed, not corrected).
A7: FBD-EW-HSPCB-HIST-018 | B7: E-waste Solutions | C7: Dismantler | D7: Industrial Shed, 1A, Industrial Estate, Sector-6, Faridabad | G7: https://hspcb.gov.in/uploads/pages/ewaster_66ac829eb3965.pdf | H7: HSPCB PDF: List of E-waste Recyclers / Dismantler (historical record; current validity not established) | I7: 46304 | J7: Not established from accessible record | K7: unknown_needs_current_verification | L7: official_historical_record_only | M7: official_document_search_result | N7: HSPCB PDF row 18 (indexed search extract) | O7: not_checked | P7: pending_clarification | Q7: not_checked | R7: pending | T7: False | U7: False | V7: Do not publish as currently authorized until current CPCB registration/status and service details are verified. | W7: =IF(COUNTIFS('Verification Evidence'!$A$5:$A$94,$A7,'Verification Evidence'!$D$5:$D$94,"conflicting")>0,"conflicting",IF(COUNTIFS('Verification Evidence'!$A$5:$A$94,$A7,'Verification Evidence'!$D$5:$D$94,"verified")+COUNTIFS('Verification Evidence'!$A$5:$A$94,$A7,'Verification Evidence'!$D$5:$D$94,"not_applicable")=9,"verified",IF(COUNTIFS('Verification Evidence'!$A$5:$A$94,$A7,'Verification Evidence'!$C$5:$C$94,"Current registration / authorization",'Verification Evidence'!$D$5:$D$94,"verified")+COUNTIFS('Verification Evidence'!$A$5:$A$94,$A7,'Verification Evidence'!$C$5:$C$94,"Current registration / authorization",'Verification Evidence'!$D$5:$D$94,"partially_verified")+COUNTIFS('Verification Evidence'!$A$5:$A$94,$A7,'Verification Evidence'!$C$5:$C$94,"Operating at recorded address",'Verification Evidence'!$D$5:$D$94,"verified")+COUNTIFS('Verification Evidence'!$A$5:$A$94,$A7,'Verification Evidence'!$C$5:$C$94,"Operating at recorded address",'Verification Evidence'!$D$5:$D$94,"partially_verified")>0,"partially_verified","unverified"))) -> partially_verified | X7: =IFERROR(INDEX('Verification Evidence'!$D$5:$D$94,MATCH($A7&"|Current registration / authorization",'Verification Evidence'!$P$5:$P$94,0)),"MISSING") -> partially_verified | Y7: =IFERROR(INDEX('Verification Evidence'!$D$5:$D$94,MATCH($A7&"|Household (individual) intake",'Verification Evidence'!$P$5:$P$94,0)),"MISSING") -> unverified | Z7: 13 | AA7: 1000 | AB7: Generic name; a differently addressed 'E waste Solutions' appears in 2025 HSPCB fragment - do not conflate.
A8: FBD-EW-HSPCB-HIST-019 | B8: V S Enterprises | C8: Dismantler | D8: Plot no. 9, Pragati Vihar, Sector-59, Faridabad | G8: https://hspcb.gov.in/uploads/pages/ewaster_66ac829eb3965.pdf | H8: HSPCB PDF: List of E-waste Recyclers / Dismantler (historical record; current validity not established) | I8: 46304 | J8: Not established from accessible record | K8: unknown_needs_current_verification | L8: official_historical_record_only | M8: official_document_search_result | N8: HSPCB PDF row 19 (indexed search extract) | O8: not_checked | P8: pending_clarification | Q8: not_checked | R8: pending | T8: False | U8: False | V8: Do not publish as currently authorized until current CPCB registration/status and service details are verified. | W8: =IF(COUNTIFS('Verification Evidence'!$A$5:$A$94,$A8,'Verification Evidence'!$D$5:$D$94,"conflicting")>0,"conflicting",IF(COUNTIFS('Verification Evidence'!$A$5:$A$94,$A8,'Verification Evidence'!$D$5:$D$94,"verified")+COUNTIFS('Verification Evidence'!$A$5:$A$94,$A8,'Verification Evidence'!$D$5:$D$94,"not_applicable")=9,"verified",IF(COUNTIFS('Verification Evidence'!$A$5:$A$94,$A8,'Verification Evidence'!$C$5:$C$94,"Current registration / authorization",'Verification Evidence'!$D$5:$D$94,"verified")+COUNTIFS('Verification Evidence'!$A$5:$A$94,$A8,'Verification Evidence'!$C$5:$C$94,"Current registration / authorization",'Verification Evidence'!$D$5:$D$94,"partially_verified")+COUNTIFS('Verification Evidence'!$A$5:$A$94,$A8,'Verification Evidence'!$C$5:$C$94,"Operating at recorded address",'Verification Evidence'!$D$5:$D$94,"verified")+COUNTIFS('Verification Evidence'!$A$5:$A$94,$A8,'Verification Evidence'!$C$5:$C$94,"Operating at recorded address",'Verification Evidence'!$D$5:$D$94,"partially_verified")>0,"partially_verified","unverified"))) -> unverified | X8: =IFERROR(INDEX('Verification Evidence'!$D$5:$D$94,MATCH($A8&"|Current registration / authorization",'Verification Evidence'!$P$5:$P$94,0)),"MISSING") -> unverified | Y8: =IFERROR(INDEX('Verification Evidence'!$D$5:$D$94,MATCH($A8&"|Household (individual) intake",'Verification Evidence'!$P$5:$P$94,0)),"MISSING") -> unverified | Z8: 14 | AA8: 300 | AB8: CPCB list annotation 'Not available on website'; no independent web presence found.
A9: FBD-EW-HSPCB-HIST-020 | B9: AMN E-Waste Management Pvt Ltd. | C9: Dismantler | D9: Plot No. 171, Sector-59, Industrial Area, Faridabad | G9: https://hspcb.gov.in/uploads/pages/ewaster_66ac829eb3965.pdf | H9: HSPCB PDF: List of E-waste Recyclers / Dismantler (historical record; current validity not established) | I9: 46304 | J9: Not established from accessible record | K9: unknown_needs_current_verification | L9: official_historical_record_only | M9: official_document_search_result | N9: HSPCB PDF row 20 (indexed search extract) | O9: not_checked | P9: pending_clarification | Q9: not_checked | R9: pending | T9: False | U9: False | V9: Do not publish as currently authorized until current CPCB registration/status and service details are verified. | W9: =IF(COUNTIFS('Verification Evidence'!$A$5:$A$94,$A9,'Verification Evidence'!$D$5:$D$94,"conflicting")>0,"conflicting",IF(COUNTIFS('Verification Evidence'!$A$5:$A$94,$A9,'Verification Evidence'!$D$5:$D$94,"verified")+COUNTIFS('Verification Evidence'!$A$5:$A$94,$A9,'Verification Evidence'!$D$5:$D$94,"not_applicable")=9,"verified",IF(COUNTIFS('Verification Evidence'!$A$5:$A$94,$A9,'Verification Evidence'!$C$5:$C$94,"Current registration / authorization",'Verification Evidence'!$D$5:$D$94,"verified")+COUNTIFS('Verification Evidence'!$A$5:$A$94,$A9,'Verification Evidence'!$C$5:$C$94,"Current registration / authorization",'Verification Evidence'!$D$5:$D$94,"partially_verified")+COUNTIFS('Verification Evidence'!$A$5:$A$94,$A9,'Verification Evidence'!$C$5:$C$94,"Operating at recorded address",'Verification Evidence'!$D$5:$D$94,"verified")+COUNTIFS('Verification Evidence'!$A$5:$A$94,$A9,'Verification Evidence'!$C$5:$C$94,"Operating at recorded address",'Verification Evidence'!$D$5:$D$94,"partially_verified")>0,"partially_verified","unverified"))) -> unverified | X9: =IFERROR(INDEX('Verification Evidence'!$D$5:$D$94,MATCH($A9&"|Current registration / authorization",'Verification Evidence'!$P$5:$P$94,0)),"MISSING") -> unverified | Y9: =IFERROR(INDEX('Verification Evidence'!$D$5:$D$94,MATCH($A9&"|Household (individual) intake",'Verification Evidence'!$P$5:$P$94,0)),"MISSING") -> unverified | Z9: 11 | AA9: 290 | AB9: CPCB list annotation 'Not available on website'; no independent web presence found.
A10: FBD-EW-HSPCB-HIST-021 | B10: Naturevolt Recyclers India Pvt Ltd | C10: Recycler | D10: Plot No. 323, Part-IV, Sector-24, Faridabad | G10: https://hspcb.gov.in/uploads/pages/ewaster_66ac829eb3965.pdf | H10: HSPCB PDF: List of E-waste Recyclers / Dismantler (historical record; current validity not established) | I10: 46304 | J10: Not established from accessible record | K10: unknown_needs_current_verification | L10: official_historical_record_only | M10: official_document_search_result | N10: HSPCB PDF row 21 (indexed search extract) | O10: not_checked | P10: pending_clarification | Q10: not_checked | R10: pending | T10: False | U10: False | V10: Do not publish as currently authorized until current CPCB registration/status and service details are verified. | W10: =IF(COUNTIFS('Verification Evidence'!$A$5:$A$94,$A10,'Verification Evidence'!$D$5:$D$94,"conflicting")>0,"conflicting",IF(COUNTIFS('Verification Evidence'!$A$5:$A$94,$A10,'Verification Evidence'!$D$5:$D$94,"verified")+COUNTIFS('Verification Evidence'!$A$5:$A$94,$A10,'Verification Evidence'!$D$5:$D$94,"not_applicable")=9,"verified",IF(COUNTIFS('Verification Evidence'!$A$5:$A$94,$A10,'Verification Evidence'!$C$5:$C$94,"Current registration / authorization",'Verification Evidence'!$D$5:$D$94,"verified")+COUNTIFS('Verification Evidence'!$A$5:$A$94,$A10,'Verification Evidence'!$C$5:$C$94,"Current registration / authorization",'Verification Evidence'!$D$5:$D$94,"partially_verified")+COUNTIFS('Verification Evidence'!$A$5:$A$94,$A10,'Verification Evidence'!$C$5:$C$94,"Operating at recorded address",'Verification Evidence'!$D$5:$D$94,"verified")+COUNTIFS('Verification Evidence'!$A$5:$A$94,$A10,'Verification Evidence'!$C$5:$C$94,"Operating at recorded address",'Verification Evidence'!$D$5:$D$94,"partially_verified")>0,"partially_verified","unverified"))) -> partially_verified | X10: =IFERROR(INDEX('Verification Evidence'!$D$5:$D$94,MATCH($A10&"|Current registration / authorization",'Verification Evidence'!$P$5:$P$94,0)),"MISSING") -> partially_verified | Y10: =IFERROR(INDEX('Verification Evidence'!$D$5:$D$94,MATCH($A10&"|Household (individual) intake",'Verification Evidence'!$P$5:$P$94,0)),"MISSING") -> unverified | Z10: 36 | AA10: 5400 | AB10: Shares plot 323 with HIST-016; two Naturevolt units appear in 2025 HSPCB fragment; website addresses business customers.
A11: FBD-EW-HSPCB-HIST-022 | B11: AV Green Solutions Pvt Ltd. | C11: Dismantler | D11: Plot No. 274, Sector-24, Industrial Area, Faridabad | G11: https://hspcb.gov.in/uploads/pages/ewaster_66ac829eb3965.pdf | H11: HSPCB PDF: List of E-waste Recyclers / Dismantler (historical record; current validity not established) | I11: 46304 | J11: Not established from accessible record | K11: unknown_needs_current_verification | L11: official_historical_record_only | M11: official_document_search_result | N11: HSPCB PDF row 22 (indexed search extract) | O11: not_checked | P11: pending_clarification | Q11: not_checked | R11: pending | T11: False | U11: False | V11: Do not publish as currently authorized until current CPCB registration/status and service details are verified. | W11: =IF(COUNTIFS('Verification Evidence'!$A$5:$A$94,$A11,'Verification Evidence'!$D$5:$D$94,"conflicting")>0,"conflicting",IF(COUNTIFS('Verification Evidence'!$A$5:$A$94,$A11,'Verification Evidence'!$D$5:$D$94,"verified")+COUNTIFS('Verification Evidence'!$A$5:$A$94,$A11,'Verification Evidence'!$D$5:$D$94,"not_applicable")=9,"verified",IF(COUNTIFS('Verification Evidence'!$A$5:$A$94,$A11,'Verification Evidence'!$C$5:$C$94,"Current registration / authorization",'Verification Evidence'!$D$5:$D$94,"verified")+COUNTIFS('Verification Evidence'!$A$5:$A$94,$A11,'Verification Evidence'!$C$5:$C$94,"Current registration / authorization",'Verification Evidence'!$D$5:$D$94,"partially_verified")+COUNTIFS('Verification Evidence'!$A$5:$A$94,$A11,'Verification Evidence'!$C$5:$C$94,"Operating at recorded address",'Verification Evidence'!$D$5:$D$94,"verified")+COUNTIFS('Verification Evidence'!$A$5:$A$94,$A11,'Verification Evidence'!$C$5:$C$94,"Operating at recorded address",'Verification Evidence'!$D$5:$D$94,"partially_verified")>0,"partially_verified","unverified"))) -> unverified | X11: =IFERROR(INDEX('Verification Evidence'!$D$5:$D$94,MATCH($A11&"|Current registration / authorization",'Verification Evidence'!$P$5:$P$94,0)),"MISSING") -> unverified | Y11: =IFERROR(INDEX('Verification Evidence'!$D$5:$D$94,MATCH($A11&"|Household (individual) intake",'Verification Evidence'!$P$5:$P$94,0)),"MISSING") -> unverified | Z11: 37 | AA11: 381 | AB11: Only a machinery-supplier client list supports existence; no operating evidence.
A12: FBD-EW-HSPCB-HIST-023 | B12: Re Chakra Waste Management LLP. | C12: Recycler | D12: Plot No. 18, Sector-6, Faridabad | G12: https://hspcb.gov.in/uploads/pages/ewaster_66ac829eb3965.pdf | H12: HSPCB PDF: List of E-waste Recyclers / Dismantler (historical record; current validity not established) | I12: 46304 | J12: Not established from accessible record | K12: unknown_needs_current_verification | L12: official_historical_record_only | M12: official_document_search_result | N12: HSPCB PDF row 23 (indexed search extract) | O12: not_checked | P12: pending_clarification | Q12: not_checked | R12: pending | T12: False | U12: False | V12: Do not publish as currently authorized until current CPCB registration/status and service details are verified. | W12: =IF(COUNTIFS('Verification Evidence'!$A$5:$A$94,$A12,'Verification Evidence'!$D$5:$D$94,"conflicting")>0,"conflicting",IF(COUNTIFS('Verification Evidence'!$A$5:$A$94,$A12,'Verification Evidence'!$D$5:$D$94,"verified")+COUNTIFS('Verification Evidence'!$A$5:$A$94,$A12,'Verification Evidence'!$D$5:$D$94,"not_applicable")=9,"verified",IF(COUNTIFS('Verification Evidence'!$A$5:$A$94,$A12,'Verification Evidence'!$C$5:$C$94,"Current registration / authorization",'Verification Evidence'!$D$5:$D$94,"verified")+COUNTIFS('Verification Evidence'!$A$5:$A$94,$A12,'Verification Evidence'!$C$5:$C$94,"Current registration / authorization",'Verification Evidence'!$D$5:$D$94,"partially_verified")+COUNTIFS('Verification Evidence'!$A$5:$A$94,$A12,'Verification Evidence'!$C$5:$C$94,"Operating at recorded address",'Verification Evidence'!$D$5:$D$94,"verified")+COUNTIFS('Verification Evidence'!$A$5:$A$94,$A12,'Verification Evidence'!$C$5:$C$94,"Operating at recorded address",'Verification Evidence'!$D$5:$D$94,"partially_verified")>0,"partially_verified","unverified"))) -> partially_verified | X12: =IFERROR(INDEX('Verification Evidence'!$D$5:$D$94,MATCH($A12&"|Current registration / authorization",'Verification Evidence'!$P$5:$P$94,0)),"MISSING") -> partially_verified | Y12: =IFERROR(INDEX('Verification Evidence'!$D$5:$D$94,MATCH($A12&"|Household (individual) intake",'Verification Evidence'!$P$5:$P$94,0)),"MISSING") -> unverified | Z12: 38 | AA12: 8931 | AB12: Plot number truncated in 2025 fragment; household intake not evidenced (brand take-back only).
A13: FBD-EW-HSPCB-HIST-024 | B13: CLG Projects LLP | C13: Dismantler | D13: Plot No. 75-76, Sector-59, Pragati Vihar, Ballabgarh, Faridabad | G13: https://hspcb.gov.in/uploads/pages/ewaster_66ac829eb3965.pdf | H13: HSPCB PDF: List of E-waste Recyclers / Dismantler (historical record; current validity not established) | I13: 46304 | J13: Not established from accessible record | K13: unknown_needs_current_verification | L13: official_historical_record_only | M13: official_document_search_result | N13: HSPCB PDF row 24 (indexed search extract) | O13: not_checked | P13: pending_clarification | Q13: not_checked | R13: pending | T13: False | U13: False | V13: Do not publish as currently authorized until current CPCB registration/status and service details are verified. | W13: =IF(COUNTIFS('Verification Evidence'!$A$5:$A$94,$A13,'Verification Evidence'!$D$5:$D$94,"conflicting")>0,"conflicting",IF(COUNTIFS('Verification Evidence'!$A$5:$A$94,$A13,'Verification Evidence'!$D$5:$D$94,"verified")+COUNTIFS('Verification Evidence'!$A$5:$A$94,$A13,'Verification Evidence'!$D$5:$D$94,"not_applicable")=9,"verified",IF(COUNTIFS('Verification Evidence'!$A$5:$A$94,$A13,'Verification Evidence'!$C$5:$C$94,"Current registration / authorization",'Verification Evidence'!$D$5:$D$94,"verified")+COUNTIFS('Verification Evidence'!$A$5:$A$94,$A13,'Verification Evidence'!$C$5:$C$94,"Current registration / authorization",'Verification Evidence'!$D$5:$D$94,"partially_verified")+COUNTIFS('Verification Evidence'!$A$5:$A$94,$A13,'Verification Evidence'!$C$5:$C$94,"Operating at recorded address",'Verification Evidence'!$D$5:$D$94,"verified")+COUNTIFS('Verification Evidence'!$A$5:$A$94,$A13,'Verification Evidence'!$C$5:$C$94,"Operating at recorded address",'Verification Evidence'!$D$5:$D$94,"partially_verified")>0,"partially_verified","unverified"))) -> unverified | X13: =IFERROR(INDEX('Verification Evidence'!$D$5:$D$94,MATCH($A13&"|Current registration / authorization",'Verification Evidence'!$P$5:$P$94,0)),"MISSING") -> unverified | Y13: =IFERROR(INDEX('Verification Evidence'!$D$5:$D$94,MATCH($A13&"|Household (individual) intake",'Verification Evidence'!$P$5:$P$94,0)),"MISSING") -> unverified | Z13: 39 | AA13: 450 | AB13: No independent web presence found.
A14: FBD-EW-HSPCB-HIST-025 | B14: SSL E Waste Management LLP | C14: Dismantler | D14: Plot No. 410, Sector-68, IMT, Faridabad | G14: https://hspcb.gov.in/uploads/pages/ewaster_66ac829eb3965.pdf | H14: HSPCB PDF: List of E-waste Recyclers / Dismantler (historical record; current validity not established) | I14: 46304 | J14: Not established from accessible record | K14: unknown_needs_current_verification | L14: official_historical_record_only | M14: official_document_search_result | N14: HSPCB PDF row 25 (indexed search extract) | O14: not_checked | P14: pending_clarification | Q14: not_checked | R14: pending | T14: False | U14: False | V14: Do not publish as currently authorized until current CPCB registration/status and service details are verified. | W14: =IF(COUNTIFS('Verification Evidence'!$A$5:$A$94,$A14,'Verification Evidence'!$D$5:$D$94,"conflicting")>0,"conflicting",IF(COUNTIFS('Verification Evidence'!$A$5:$A$94,$A14,'Verification Evidence'!$D$5:$D$94,"verified")+COUNTIFS('Verification Evidence'!$A$5:$A$94,$A14,'Verification Evidence'!$D$5:$D$94,"not_applicable")=9,"verified",IF(COUNTIFS('Verification Evidence'!$A$5:$A$94,$A14,'Verification Evidence'!$C$5:$C$94,"Current registration / authorization",'Verification Evidence'!$D$5:$D$94,"verified")+COUNTIFS('Verification Evidence'!$A$5:$A$94,$A14,'Verification Evidence'!$C$5:$C$94,"Current registration / authorization",'Verification Evidence'!$D$5:$D$94,"partially_verified")+COUNTIFS('Verification Evidence'!$A$5:$A$94,$A14,'Verification Evidence'!$C$5:$C$94,"Operating at recorded address",'Verification Evidence'!$D$5:$D$94,"verified")+COUNTIFS('Verification Evidence'!$A$5:$A$94,$A14,'Verification Evidence'!$C$5:$C$94,"Operating at recorded address",'Verification Evidence'!$D$5:$D$94,"partially_verified")>0,"partially_verified","unverified"))) -> unverified | X14: =IFERROR(INDEX('Verification Evidence'!$D$5:$D$94,MATCH($A14&"|Current registration / authorization",'Verification Evidence'!$P$5:$P$94,0)),"MISSING") -> unverified | Y14: =IFERROR(INDEX('Verification Evidence'!$D$5:$D$94,MATCH($A14&"|Household (individual) intake",'Verification Evidence'!$P$5:$P$94,0)),"MISSING") -> unverified | Z14: 40 | AA14: 423 | AB14: No independent web presence found.

Sheet Verification Evidence
A1: Verification Evidence
A2: One row per candidate per verification check (10 candidates x 9 checks). Researched on 2026-10-10 from the sources cited; nothing here is a confirmation by the facility.
A3: Header colours: blue = researched findings, brown = human-entered (blank until a reviewer fills it). 'NO EVIDENCE LOCATED' means searched and nothing found - it is not a negative finding. Sort/filter with the column arrows.
A4: Provider ID | B4: Provider name | C4: Verification category | D4: Status | E4: Evidence source | F4: Evidence URL | G4: Additional sources | H4: Evidence excerpt / finding | I4: Date accessed | J4: Confidence | K4: Confidence rationale | L4: Contradictions / limitations | M4: Human follow-up required | N4: Next action | O4: Reviewer notes (human-entered) | P4: Lookup key
A5: FBD-EW-HSPCB-HIST-016 | B5: Endeavor Re-processor and Recyclers India | C5: Entity match to historical record | D5: partially_verified | E5: CPCB list of authorised dismantlers/recyclers 'As on 08-06-2023' (mirror hosted at ndmc.gov.in; Haryana section read in full) | F5: https://www.ndmc.gov.in/pdf/cpcb_approved_list_of_e-waste_recyclers_dismantler.pdf | H5: Haryana serial 12: 'M/s Endeavor Re-processor and Recyclers India, Plot no. 323, Sec-24, industrial Area, Faridabad (Not available on website)'; capacity 365 MTA. | I5: 46305 | J5: medium | K5: Name and address match the CSV in an independent compilation of the same authorisation data; HSPCB PDF row 16 itself could not be read. | L5: Hosted on a third-party mirror (ndmc.gov.in), not the CPCB origin server; document title reads 'Rules, 2026', an apparent typo. Plot 323, Sec-24 is also listed for Naturevolt (HIST-021, 'Part-IV'). The similarly named 'Endeavor Recyclers India Private Limited' (Rohtak, serial 43) has a different address and was NOT matched. | M5: human_verification_required | N5: Open the original HSPCB PDF, confirm the row text and number, and compare with the CSV. | P5: FBD-EW-HSPCB-HIST-016|Entity match to historical record
A6: FBD-EW-HSPCB-HIST-016 | B6: Endeavor Re-processor and Recyclers India | C6: Current registration / authorization | D6: unverified | E6: CPCB list of authorised dismantlers/recyclers 'As on 08-06-2023' (mirror hosted at ndmc.gov.in; Haryana section read in full) | F6: https://www.ndmc.gov.in/pdf/cpcb_approved_list_of_e-waste_recyclers_dismantler.pdf | G6: https://www.eprewaste.cpcb.gov.in/ | H6: Listed in the 08-06-2023 CPCB list with the annotation '(Not available on website)'; no later record located. | I6: 46305 | J6: low | K6: A 2023 listing is not current authorization, and the annotation (undefined in the document) is a flag, not a finding. | L6: CPCB EPR portal and hspcb.gov.in (including the original HSPCB PDF) disallow automated access, so current registration, CTO and EPR status could not be checked at the authoritative source. The CPCB list is dated 08-06-2023 (over three years before this review). | M6: human_verification_required | N6: Look up the entity on the CPCB EPR portal (record registration number, validity, date checked) and ask HSPCB Faridabad Regional Office for the CTO/authorisation number and validity. | P6: FBD-EW-HSPCB-HIST-016|Current registration / authorization
A7: FBD-EW-HSPCB-HIST-016 | B7: Endeavor Re-processor and Recyclers India | C7: Operating at recorded address | D7: unverified | E7: CPCB list of authorised dismantlers/recyclers 'As on 08-06-2023' (mirror hosted at ndmc.gov.in; Haryana section read in full) | F7: https://www.ndmc.gov.in/pdf/cpcb_approved_list_of_e-waste_recyclers_dismantler.pdf | H7: Only the list entry; no operating evidence located. The same plot number appears for another entity (HIST-021). | I7: 46305 | J7: low | K7: Possible shared premises or a transcription difference cannot be resolved from the sources read. | L7: The CPCB list is dated 08-06-2023 (over three years before this review). | M7: human_verification_required | N7: Confirm the current operating address with the facility or HSPCB Faridabad Regional Office. | P7: FBD-EW-HSPCB-HIST-016|Operating at recorded address
A8: FBD-EW-HSPCB-HIST-016 | B8: Endeavor Re-processor and Recyclers India | C8: Household (individual) intake | D8: unverified | E8: NO EVIDENCE LOCATED | H8: NO EVIDENCE LOCATED | I8: 46305 | J8: low | K8: No source located for this specific claim. | M8: human_verification_required | N8: Ask the facility whether it accepts e-waste directly from individual households. | P8: FBD-EW-HSPCB-HIST-016|Household (individual) intake
A9: FBD-EW-HSPCB-HIST-016 | B9: Endeavor Re-processor and Recyclers India | C9: Drop-off / collection / pickup service | D9: unverified | E9: NO EVIDENCE LOCATED | H9: NO EVIDENCE LOCATED | I9: 46305 | J9: low | K9: No source located for this specific claim. | M9: human_verification_required | N9: Ask whether it offers household drop-off, collection or pickup (where, how, any charge or minimum). | P9: FBD-EW-HSPCB-HIST-016|Drop-off / collection / pickup service
A10: FBD-EW-HSPCB-HIST-016 | B10: Endeavor Re-processor and Recyclers India | C10: Accepted item categories | D10: unverified | E10: NO EVIDENCE LOCATED | H10: NO EVIDENCE LOCATED | I10: 46305 | J10: low | K10: No source located for this specific claim. | M10: human_verification_required | N10: Obtain a written list of the e-waste item categories accepted from households. | P10: FBD-EW-HSPCB-HIST-016|Accepted item categories
A11: FBD-EW-HSPCB-HIST-016 | B11: Endeavor Re-processor and Recyclers India | C11: Contact channel | D11: unverified | E11: NO EVIDENCE LOCATED | H11: NO EVIDENCE LOCATED | I11: 46305 | J11: low | K11: No source located for this specific claim. | M11: human_verification_required | N11: Obtain an official contact channel in writing and confirm it may be shown publicly. | P11: FBD-EW-HSPCB-HIST-016|Contact channel
A12: FBD-EW-HSPCB-HIST-016 | B12: Endeavor Re-processor and Recyclers India | C12: Operating hours | D12: unverified | E12: NO EVIDENCE LOCATED | H12: NO EVIDENCE LOCATED | I12: 46305 | J12: low | K12: No source located for this specific claim. | M12: human_verification_required | N12: Ask for intake/operating hours (days, times, holidays). | P12: FBD-EW-HSPCB-HIST-016|Operating hours
A13: FBD-EW-HSPCB-HIST-016 | B13: Endeavor Re-processor and Recyclers India | C13: Listing & reuse permission | D13: unverified | E13: CPCB EPR portal and HSPCB site - automated access disallowed | F13: https://www.eprewaste.cpcb.gov.in/ | H13: Source licence and listing permission remain 'not_checked' / 'pending_clarification' in the input; no consent or reuse terms were located. | I13: 46305 | J13: low | K13: No documented permission or licence terms found. | L13: Reuse terms of the CPCB list, the HSPCB PDF and the 2025 tribunal filing were not established. | M13: human_verification_required | N13: Request documented consent to be listed publicly and confirm HSPCB/CPCB data reuse terms (licence, attribution). | P13: FBD-EW-HSPCB-HIST-016|Listing & reuse permission
A14: FBD-EW-HSPCB-HIST-017 | B14: A to Z E-waste Solutions | C14: Entity match to historical record | D14: unverified | E14: CPCB list of authorised dismantlers/recyclers 'As on 08-06-2023' (mirror hosted at ndmc.gov.in; Haryana section read in full) | F14: https://www.ndmc.gov.in/pdf/cpcb_approved_list_of_e-waste_recyclers_dismantler.pdf | H14: Not present among the 43 Haryana entries of the 08-06-2023 CPCB list; name located only in the input CSV. Web searches returned no company page or directory entry. | I14: 46305 | J14: low | K14: No independent source matches this name; HSPCB PDF row 17 could not be read. | L14: Address says 'Pargiti Vihar'; other entries in the same area read 'Pragati Vihar' (likely a transcription variant, unconfirmed - not corrected). Hosted on a third-party mirror (ndmc.gov.in), not the CPCB origin server; document title reads 'Rules, 2026', an apparent typo. | M14: human_verification_required | N14: Open the original HSPCB PDF, confirm the row text and number, and compare with the CSV. | P14: FBD-EW-HSPCB-HIST-017|Entity match to historical record
A15: FBD-EW-HSPCB-HIST-017 | B15: A to Z E-waste Solutions | C15: Current registration / authorization | D15: unverified | E15: CPCB EPR portal and HSPCB site - automated access disallowed | F15: https://www.eprewaste.cpcb.gov.in/ | H15: NO EVIDENCE LOCATED (entity not found in accessible sources) | I15: 46305 | J15: low | K15: Entity could not be matched, so no registration lookup is meaningful yet. | L15: CPCB EPR portal and hspcb.gov.in (including the original HSPCB PDF) disallow automated access, so current registration, CTO and EPR status could not be checked at the authoritative source. | M15: human_verification_required | N15: Look up the entity on the CPCB EPR portal (record registration number, validity, date checked) and ask HSPCB Faridabad Regional Office for the CTO/authorisation number and validity. | P15: FBD-EW-HSPCB-HIST-017|Current registration / authorization
A16: FBD-EW-HSPCB-HIST-017 | B16: A to Z E-waste Solutions | C16: Operating at recorded address | D16: unverified | E16: NO EVIDENCE LOCATED | H16: No evidence beyond the list entry itself; no operating or site evidence located. | I16: 46305 | J16: low | K16: No source located for this specific claim. | M16: human_verification_required | N16: Confirm the current operating address with the facility or HSPCB Faridabad Regional Office. | P16: FBD-EW-HSPCB-HIST-017|Operating at recorded address
A17: FBD-EW-HSPCB-HIST-017 | B17: A to Z E-waste Solutions | C17: Household (individual) intake | D17: unverified | E17: NO EVIDENCE LOCATED | H17: NO EVIDENCE LOCATED | I17: 46305 | J17: low | K17: No source located for this specific claim. | M17: human_verification_required | N17: Ask the facility whether it accepts e-waste directly from individual households. | P17: FBD-EW-HSPCB-HIST-017|Household (individual) intake
A18: FBD-EW-HSPCB-HIST-017 | B18: A to Z E-waste Solutions | C18: Drop-off / collection / pickup service | D18: unverified | E18: NO EVIDENCE LOCATED | H18: NO EVIDENCE LOCATED | I18: 46305 | J18: low | K18: No source located for this specific claim. | M18: human_verification_required | N18: Ask whether it offers household drop-off, collection or pickup (where, how, any charge or minimum). | P18: FBD-EW-HSPCB-HIST-017|Drop-off / collection / pickup service
A19: FBD-EW-HSPCB-HIST-017 | B19: A to Z E-waste Solutions | C19: Accepted item categories | D19: unverified | E19: NO EVIDENCE LOCATED | H19: NO EVIDENCE LOCATED | I19: 46305 | J19: low | K19: No source located for this specific claim. | M19: human_verification_required | N19: Obtain a written list of the e-waste item categories accepted from households. | P19: FBD-EW-HSPCB-HIST-017|Accepted item categories
A20: FBD-EW-HSPCB-HIST-017 | B20: A to Z E-waste Solutions | C20: Contact channel | D20: unverified | E20: NO EVIDENCE LOCATED | H20: NO EVIDENCE LOCATED | I20: 46305 | J20: low | K20: No source located for this specific claim. | M20: human_verification_required | N20: Obtain an official contact channel in writing and confirm it may be shown publicly. | P20: FBD-EW-HSPCB-HIST-017|Contact channel
A21: FBD-EW-HSPCB-HIST-017 | B21: A to Z E-waste Solutions | C21: Operating hours | D21: unverified | E21: NO EVIDENCE LOCATED | H21: NO EVIDENCE LOCATED | I21: 46305 | J21: low | K21: No source located for this specific claim. | M21: human_verification_required | N21: Ask for intake/operating hours (days, times, holidays). | P21: FBD-EW-HSPCB-HIST-017|Operating hours
A22: FBD-EW-HSPCB-HIST-017 | B22: A to Z E-waste Solutions | C22: Listing & reuse permission | D22: unverified | E22: CPCB EPR portal and HSPCB site - automated access disallowed | F22: https://www.eprewaste.cpcb.gov.in/ | H22: Source licence and listing permission remain 'not_checked' / 'pending_clarification' in the input; no consent or reuse terms were located. | I22: 46305 | J22: low | K22: No documented permission or licence terms found. | L22: Reuse terms of the CPCB list, the HSPCB PDF and the 2025 tribunal filing were not established. | M22: human_verification_required | N22: Request documented consent to be listed publicly and confirm HSPCB/CPCB data reuse terms (licence, attribution). | P22: FBD-EW-HSPCB-HIST-017|Listing & reuse permission
A23: FBD-EW-HSPCB-HIST-018 | B23: E-waste Solutions | C23: Entity match to historical record | D23: partially_verified | E23: CPCB list of authorised dismantlers/recyclers 'As on 08-06-2023' (mirror hosted at ndmc.gov.in; Haryana section read in full) | F23: https://www.ndmc.gov.in/pdf/cpcb_approved_list_of_e-waste_recyclers_dismantler.pdf | G23: https://hisenseme.com/assets/assets/img/certificate/E-waste_Management.pdf https://m.indiamart.com/ewaste-solution https://www.greentribunal.gov.in/sites/default/files/news_updates/Reply%20of%20HSPCB%20in%20OA%20No.%2088%20of%202025%20(Devidas%20Khatri%20Vs.%20UOI%20%26%20Ors.).pdf | H23: Haryana serial 13: 'M/s E-waste Solutions, Industrial Shed, 1A, Industrial Estate, Sec-6, Faridabad'; 1000 MTA. A Hisense PDF and an IndiaMART listing give the same Shed 1A, Industrial Estate, Sector 6, Faridabad 121006 address. | I23: 46305 | J23: medium | K23: Name and address agree across the CPCB list and two third-party documents. | L23: Generic name. A 2025 HSPCB annexure fragment lists a 'M/s E waste Solutions, Khasra No. ...' (row 12) that appears to be a different address; the two must not be conflated. Hosted on a third-party mirror (ndmc.gov.in), not the CPCB origin server; document title reads 'Rules, 2026', an apparent typo. | M23: human_verification_required | N23: Open the original HSPCB PDF, confirm the row text and number, and compare with the CSV. | P23: FBD-EW-HSPCB-HIST-018|Entity match to historical record
A24: FBD-EW-HSPCB-HIST-018 | B24: E-waste Solutions | C24: Current registration / authorization | D24: partially_verified | E24: CPCB list of authorised dismantlers/recyclers 'As on 08-06-2023' (mirror hosted at ndmc.gov.in; Haryana section read in full) | F24: https://www.ndmc.gov.in/pdf/cpcb_approved_list_of_e-waste_recyclers_dismantler.pdf | G24: https://hisenseme.com/assets/assets/img/certificate/E-waste_Management.pdf https://www.greentribunal.gov.in/sites/default/files/news_updates/Reply%20of%20HSPCB%20in%20OA%20No.%2088%20of%202025%20(Devidas%20Khatri%20Vs.%20UOI%20%26%20Ors.).pdf https://www.eprewaste.cpcb.gov.in/ | H24: Listed in the 08-06-2023 CPCB list. Hisense's PDF states its partner is 'registered with Haryana State Pollution Control Board' (company claim, undated). | I24: 46305 | J24: low | K24: Two independent mentions, but one is a brand's self-statement and the list is old. | L24: CPCB EPR portal and hspcb.gov.in (including the original HSPCB PDF) disallow automated access, so current registration, CTO and EPR status could not be checked at the authoritative source. The CPCB list is dated 08-06-2023 (over three years before this review). No CTO number or validity was legible. | M24: human_verification_required | N24: Look up the entity on the CPCB EPR portal (record registration number, validity, date checked) and ask HSPCB Faridabad Regional Office for the CTO/authorisation number and validity. | P24: FBD-EW-HSPCB-HIST-018|Current registration / authorization
A25: FBD-EW-HSPCB-HIST-018 | B25: E-waste Solutions | C25: Operating at recorded address | D25: partially_verified | E25: Hisense: E-waste Management (corporate PDF, undated) | F25: https://hisenseme.com/assets/assets/img/certificate/E-waste_Management.pdf | G25: https://m.indiamart.com/ewaste-solution | H25: Hisense PDF: partner's plant at 'Industrial area 1A, Industrial Estate, Sector 6, Faridabad, Haryana - 121006'. IndiaMART lists 'Shed 1A, Industrial Estate, Sector 6'. | I25: 46305 | J25: low | K25: Address repeated by third parties; no dated evidence of current operation. | L25: Both documents are undated; no site visit. | M25: human_verification_required | N25: Confirm the current operating address with the facility or HSPCB Faridabad Regional Office. | P25: FBD-EW-HSPCB-HIST-018|Operating at recorded address
A26: FBD-EW-HSPCB-HIST-018 | B26: E-waste Solutions | C26: Household (individual) intake | D26: unverified | E26: Hisense: E-waste Management (corporate PDF, undated) | F26: https://hisenseme.com/assets/assets/img/certificate/E-waste_Management.pdf | H26: Hisense describes channelising its own customers' e-waste through the partner; no statement that individual households may deliver directly. | I26: 46305 | J26: low | K26: Brand take-back arrangement is not evidence of open household intake. | L26: Scope of any household service is unknown. | M26: human_verification_required | N26: Ask the facility whether it accepts e-waste directly from individual households. | P26: FBD-EW-HSPCB-HIST-018|Household (individual) intake
A27: FBD-EW-HSPCB-HIST-018 | B27: E-waste Solutions | C27: Drop-off / collection / pickup service | D27: partially_verified | E27: IndiaMART seller listing 'E Waste Solutions', Faridabad (third-party directory, self-published) | F27: https://m.indiamart.com/ewaste-solution | G27: https://hisenseme.com/assets/assets/img/certificate/E-waste_Management.pdf | H27: IndiaMART lists 'Schedule Pickup' and 'Material Collection'; Hisense PDF refers to an agreement for reverse logistics to the facility. | I27: 46305 | J27: low | K27: A pickup/collection service appears to exist, but both sources are third-party and say nothing about households. | L27: Directory entries are self-published; coverage area and eligibility unknown. | M27: human_verification_required | N27: Ask whether it offers household drop-off, collection or pickup (where, how, any charge or minimum). | P27: FBD-EW-HSPCB-HIST-018|Drop-off / collection / pickup service
A28: FBD-EW-HSPCB-HIST-018 | B28: E-waste Solutions | C28: Accepted item categories | D28: unverified | E28: IndiaMART seller listing 'E Waste Solutions', Faridabad (third-party directory, self-published) | F28: https://m.indiamart.com/ewaste-solution | H28: Directory lists trade categories (plastic scrap, ferrous scrap, battery scrap) - these are not an e-waste item list. | I28: 46305 | J28: low | K28: No explicit e-waste accepted-items statement. | L28: Do not treat scrap trade codes as accepted item categories. | M28: human_verification_required | N28: Obtain a written list of the e-waste item categories accepted from households. | P28: FBD-EW-HSPCB-HIST-018|Accepted item categories
A29: FBD-EW-HSPCB-HIST-018 | B29: E-waste Solutions | C29: Contact channel | D29: unverified | E29: IndiaMART seller listing 'E Waste Solutions', Faridabad (third-party directory, self-published) | F29: https://m.indiamart.com/ewaste-solution | H29: Only a third-party directory shows phone numbers and a partner name; none copied here. No official contact channel was established. | I29: 46305 | J29: low | K29: Directory contacts are not an official, confirmed channel. | M29: human_verification_required | N29: Obtain an official contact channel in writing and confirm it may be shown publicly. | P29: FBD-EW-HSPCB-HIST-018|Contact channel
A30: FBD-EW-HSPCB-HIST-018 | B30: E-waste Solutions | C30: Operating hours | D30: unverified | E30: IndiaMART seller listing 'E Waste Solutions', Faridabad (third-party directory, self-published) | F30: https://m.indiamart.com/ewaste-solution | H30: Directory displays hours text ('Closes 7 PM'); this is a self-published listing, not confirmed operating or intake hours. | I30: 46305 | J30: low | K30: Not authoritative. | M30: human_verification_required | N30: Ask for intake/operating hours (days, times, holidays). | P30: FBD-EW-HSPCB-HIST-018|Operating hours
A31: FBD-EW-HSPCB-HIST-018 | B31: E-waste Solutions | C31: Listing & reuse permission | D31: unverified | E31: CPCB EPR portal and HSPCB site - automated access disallowed | F31: https://www.eprewaste.cpcb.gov.in/ | H31: Source licence and listing permission remain 'not_checked' / 'pending_clarification' in the input; no consent or reuse terms were located. | I31: 46305 | J31: low | K31: No documented permission or licence terms found. | L31: Reuse terms of the CPCB list, the HSPCB PDF and the 2025 tribunal filing were not established. | M31: human_verification_required | N31: Request documented consent to be listed publicly and confirm HSPCB/CPCB data reuse terms (licence, attribution). | P31: FBD-EW-HSPCB-HIST-018|Listing & reuse permission
A32: FBD-EW-HSPCB-HIST-019 | B32: V S Enterprises | C32: Entity match to historical record | D32: partially_verified | E32: CPCB list of authorised dismantlers/recyclers 'As on 08-06-2023' (mirror hosted at ndmc.gov.in; Haryana section read in full) | F32: https://www.ndmc.gov.in/pdf/cpcb_approved_list_of_e-waste_recyclers_dismantler.pdf | H32: Haryana serial 14: 'M/s V S Enterprises, Plot no. 9, Pragati Vihar, Sector-59, Faridabad (Not available on website)'; 300 MTA. | I32: 46305 | J32: medium | K32: Name and address match the CSV; no other source mentions the entity. | L32: Hosted on a third-party mirror (ndmc.gov.in), not the CPCB origin server; document title reads 'Rules, 2026', an apparent typo. | M32: human_verification_required | N32: Open the original HSPCB PDF, confirm the row text and number, and compare with the CSV. | P32: FBD-EW-HSPCB-HIST-019|Entity match to historical record
A33: FBD-EW-HSPCB-HIST-019 | B33: V S Enterprises | C33: Current registration / authorization | D33: unverified | E33: CPCB list of authorised dismantlers/recyclers 'As on 08-06-2023' (mirror hosted at ndmc.gov.in; Haryana section read in full) | F33: https://www.ndmc.gov.in/pdf/cpcb_approved_list_of_e-waste_recyclers_dismantler.pdf | G33: https://www.eprewaste.cpcb.gov.in/ | H33: Listed in the 08-06-2023 CPCB list with the annotation '(Not available on website)'; no later record located. | I33: 46305 | J33: low | K33: A 2023 listing is not current authorization. | L33: CPCB EPR portal and hspcb.gov.in (including the original HSPCB PDF) disallow automated access, so current registration, CTO and EPR status could not be checked at the authoritative source. The CPCB list is dated 08-06-2023 (over three years before this review). | M33: human_verification_required | N33: Look up the entity on the CPCB EPR portal (record registration number, validity, date checked) and ask HSPCB Faridabad Regional Office for the CTO/authorisation number and validity. | P33: FBD-EW-HSPCB-HIST-019|Current registration / authorization
A34: FBD-EW-HSPCB-HIST-019 | B34: V S Enterprises | C34: Operating at recorded address | D34: unverified | E34: NO EVIDENCE LOCATED | H34: No evidence beyond the list entry itself; no operating or site evidence located. | I34: 46305 | J34: low | K34: No source located for this specific claim. | M34: human_verification_required | N34: Confirm the current operating address with the facility or HSPCB Faridabad Regional Office. | P34: FBD-EW-HSPCB-HIST-019|Operating at recorded address
A35: FBD-EW-HSPCB-HIST-019 | B35: V S Enterprises | C35: Household (individual) intake | D35: unverified | E35: NO EVIDENCE LOCATED | H35: NO EVIDENCE LOCATED | I35: 46305 | J35: low | K35: No source located for this specific claim. | M35: human_verification_required | N35: Ask the facility whether it accepts e-waste directly from individual households. | P35: FBD-EW-HSPCB-HIST-019|Household (individual) intake
A36: FBD-EW-HSPCB-HIST-019 | B36: V S Enterprises | C36: Drop-off / collection / pickup service | D36: unverified | E36: NO EVIDENCE LOCATED | H36: NO EVIDENCE LOCATED | I36: 46305 | J36: low | K36: No source located for this specific claim. | M36: human_verification_required | N36: Ask whether it offers household drop-off, collection or pickup (where, how, any charge or minimum). | P36: FBD-EW-HSPCB-HIST-019|Drop-off / collection / pickup service
A37: FBD-EW-HSPCB-HIST-019 | B37: V S Enterprises | C37: Accepted item categories | D37: unverified | E37: NO EVIDENCE LOCATED | H37: NO EVIDENCE LOCATED | I37: 46305 | J37: low | K37: No source located for this specific claim. | M37: human_verification_required | N37: Obtain a written list of the e-waste item categories accepted from households. | P37: FBD-EW-HSPCB-HIST-019|Accepted item categories
A38: FBD-EW-HSPCB-HIST-019 | B38: V S Enterprises | C38: Contact channel | D38: unverified | E38: NO EVIDENCE LOCATED | H38: NO EVIDENCE LOCATED | I38: 46305 | J38: low | K38: No source located for this specific claim. | M38: human_verification_required | N38: Obtain an official contact channel in writing and confirm it may be shown publicly. | P38: FBD-EW-HSPCB-HIST-019|Contact channel
A39: FBD-EW-HSPCB-HIST-019 | B39: V S Enterprises | C39: Operating hours | D39: unverified | E39: NO EVIDENCE LOCATED | H39: NO EVIDENCE LOCATED | I39: 46305 | J39: low | K39: No source located for this specific claim. | M39: human_verification_required | N39: Ask for intake/operating hours (days, times, holidays). | P39: FBD-EW-HSPCB-HIST-019|Operating hours
A40: FBD-EW-HSPCB-HIST-019 | B40: V S Enterprises | C40: Listing & reuse permission | D40: unverified | E40: CPCB EPR portal and HSPCB site - automated access disallowed | F40: https://www.eprewaste.cpcb.gov.in/ | H40: Source licence and listing permission remain 'not_checked' / 'pending_clarification' in the input; no consent or reuse terms were located. | I40: 46305 | J40: low | K40: No documented permission or licence terms found. | L40: Reuse terms of the CPCB list, the HSPCB PDF and the 2025 tribunal filing were not established. | M40: human_verification_required | N40: Request documented consent to be listed publicly and confirm HSPCB/CPCB data reuse terms (licence, attribution). | P40: FBD-EW-HSPCB-HIST-019|Listing & reuse permission
A41: FBD-EW-HSPCB-HIST-020 | B41: AMN E-Waste Management Pvt Ltd. | C41: Entity match to historical record | D41: partially_verified | E41: CPCB list of authorised dismantlers/recyclers 'As on 08-06-2023' (mirror hosted at ndmc.gov.in; Haryana section read in full) | F41: https://www.ndmc.gov.in/pdf/cpcb_approved_list_of_e-waste_recyclers_dismantler.pdf | H41: Haryana serial 11: 'M/s AMN E-Waste Management Pvt Ltd., Plot No. 171, Sector-59, Industrial Area, Faridabad (Not available on website)'; 290 MTA. | I41: 46305 | J41: medium | K41: Name and address match the CSV; web search found no independent page for the entity. | L41: Hosted on a third-party mirror (ndmc.gov.in), not the CPCB origin server; document title reads 'Rules, 2026', an apparent typo. | M41: human_verification_required | N41: Open the original HSPCB PDF, confirm the row text and number, and compare with the CSV. | P41: FBD-EW-HSPCB-HIST-020|Entity match to historical record
A42: FBD-EW-HSPCB-HIST-020 | B42: AMN E-Waste Management Pvt Ltd. | C42: Current registration / authorization | D42: unverified | E42: CPCB list of authorised dismantlers/recyclers 'As on 08-06-2023' (mirror hosted at ndmc.gov.in; Haryana section read in full) | F42: https://www.ndmc.gov.in/pdf/cpcb_approved_list_of_e-waste_recyclers_dismantler.pdf | G42: https://www.eprewaste.cpcb.gov.in/ | H42: Listed in the 08-06-2023 CPCB list with the annotation '(Not available on website)'; no later record located. | I42: 46305 | J42: low | K42: A 2023 listing is not current authorization. | L42: CPCB EPR portal and hspcb.gov.in (including the original HSPCB PDF) disallow automated access, so current registration, CTO and EPR status could not be checked at the authoritative source. The CPCB list is dated 08-06-2023 (over three years before this review). | M42: human_verification_required | N42: Look up the entity on the CPCB EPR portal (record registration number, validity, date checked) and ask HSPCB Faridabad Regional Office for the CTO/authorisation number and validity. | P42: FBD-EW-HSPCB-HIST-020|Current registration / authorization
A43: FBD-EW-HSPCB-HIST-020 | B43: AMN E-Waste Management Pvt Ltd. | C43: Operating at recorded address | D43: unverified | E43: NO EVIDENCE LOCATED | H43: No evidence beyond the list entry itself; no operating or site evidence located. | I43: 46305 | J43: low | K43: No source located for this specific claim. | M43: human_verification_required | N43: Confirm the current operating address with the facility or HSPCB Faridabad Regional Office. | P43: FBD-EW-HSPCB-HIST-020|Operating at recorded address
A44: FBD-EW-HSPCB-HIST-020 | B44: AMN E-Waste Management Pvt Ltd. | C44: Household (individual) intake | D44: unverified | E44: NO EVIDENCE LOCATED | H44: NO EVIDENCE LOCATED | I44: 46305 | J44: low | K44: No source located for this specific claim. | M44: human_verification_required | N44: Ask the facility whether it accepts e-waste directly from individual households. | P44: FBD-EW-HSPCB-HIST-020|Household (individual) intake
A45: FBD-EW-HSPCB-HIST-020 | B45: AMN E-Waste Management Pvt Ltd. | C45: Drop-off / collection / pickup service | D45: unverified | E45: NO EVIDENCE LOCATED | H45: NO EVIDENCE LOCATED | I45: 46305 | J45: low | K45: No source located for this specific claim. | M45: human_verification_required | N45: Ask whether it offers household drop-off, collection or pickup (where, how, any charge or minimum). | P45: FBD-EW-HSPCB-HIST-020|Drop-off / collection / pickup service
A46: FBD-EW-HSPCB-HIST-020 | B46: AMN E-Waste Management Pvt Ltd. | C46: Accepted item categories | D46: unverified | E46: NO EVIDENCE LOCATED | H46: NO EVIDENCE LOCATED | I46: 46305 | J46: low | K46: No source located for this specific claim. | M46: human_verification_required | N46: Obtain a written list of the e-waste item categories accepted from households. | P46: FBD-EW-HSPCB-HIST-020|Accepted item categories
A47: FBD-EW-HSPCB-HIST-020 | B47: AMN E-Waste Management Pvt Ltd. | C47: Contact channel | D47: unverified | E47: NO EVIDENCE LOCATED | H47: NO EVIDENCE LOCATED | I47: 46305 | J47: low | K47: No source located for this specific claim. | M47: human_verification_required | N47: Obtain an official contact channel in writing and confirm it may be shown publicly. | P47: FBD-EW-HSPCB-HIST-020|Contact channel
A48: FBD-EW-HSPCB-HIST-020 | B48: AMN E-Waste Management Pvt Ltd. | C48: Operating hours | D48: unverified | E48: NO EVIDENCE LOCATED | H48: NO EVIDENCE LOCATED | I48: 46305 | J48: low | K48: No source located for this specific claim. | M48: human_verification_required | N48: Ask for intake/operating hours (days, times, holidays). | P48: FBD-EW-HSPCB-HIST-020|Operating hours
A49: FBD-EW-HSPCB-HIST-020 | B49: AMN E-Waste Management Pvt Ltd. | C49: Listing & reuse permission | D49: unverified | E49: CPCB EPR portal and HSPCB site - automated access disallowed | F49: https://www.eprewaste.cpcb.gov.in/ | H49: Source licence and listing permission remain 'not_checked' / 'pending_clarification' in the input; no consent or reuse terms were located. | I49: 46305 | J49: low | K49: No documented permission or licence terms found. | L49: Reuse terms of the CPCB list, the HSPCB PDF and the 2025 tribunal filing were not established. | M49: human_verification_required | N49: Request documented consent to be listed publicly and confirm HSPCB/CPCB data reuse terms (licence, attribution). | P49: FBD-EW-HSPCB-HIST-020|Listing & reuse permission
A50: FBD-EW-HSPCB-HIST-021 | B50: Naturevolt Recyclers India Pvt Ltd | C50: Entity match to historical record | D50: partially_verified | E50: CPCB list of authorised dismantlers/recyclers 'As on 08-06-2023' (mirror hosted at ndmc.gov.in; Haryana section read in full) | F50: https://www.ndmc.gov.in/pdf/cpcb_approved_list_of_e-waste_recyclers_dismantler.pdf | G50: https://www.greentribunal.gov.in/sites/default/files/news_updates/Reply%20of%20HSPCB%20in%20OA%20No.%2088%20of%202025%20(Devidas%20Khatri%20Vs.%20UOI%20%26%20Ors.).pdf | H50: Haryana serial 36: 'M/s. Naturevolt Recyclers India Pvt Ltd, Plot No. 323, Part-IV, Sector-24, Faridabad'; 5400 MTA. The 2025 HSPCB annexure fragments list two 'M/s Naturevolt Recyclers India Pvt. Ltd.' units (rows 6 and 7). | I50: 46305 | J50: medium | K50: Name and address match; the entity is named in two independent government-hosted documents. | L50: It is not legible which of the two 2025 units sits at plot 323. Same plot number is listed for Endeavor (HIST-016). Hosted on a third-party mirror (ndmc.gov.in), not the CPCB origin server; document title reads 'Rules, 2026', an apparent typo. | M50: human_verification_required | N50: Open the original HSPCB PDF, confirm the row text and number, and compare with the CSV. | P50: FBD-EW-HSPCB-HIST-021|Entity match to historical record
A51: FBD-EW-HSPCB-HIST-021 | B51: Naturevolt Recyclers India Pvt Ltd | C51: Current registration / authorization | D51: partially_verified | E51: Miele India: National E-waste Recycling Program (corporate page) | F51: https://www.miele.in/cs/legal/national-e-waste-recycling-program-3310 | G51: https://www.ndmc.gov.in/pdf/cpcb_approved_list_of_e-waste_recyclers_dismantler.pdf https://www.greentribunal.gov.in/sites/default/files/news_updates/Reply%20of%20HSPCB%20in%20OA%20No.%2088%20of%202025%20(Devidas%20Khatri%20Vs.%20UOI%20%26%20Ors.).pdf https://www.eprewaste.cpcb.gov.in/ | H51: Miele describes Naturevolt as 'authorised by Haryana Pollution Control Board'. Naturevolt is also in the 08-06-2023 CPCB list and in the 2025 HSPCB annexure (CTO and EPR columns not legible in the extract). Naturevolt's own website shows no registration numbers. | I51: 46305 | J51: medium | K51: Three sources agree on authorisation status at different dates, but none gives a current CTO or EPR record. | L51: CPCB EPR portal and hspcb.gov.in (including the original HSPCB PDF) disallow automated access, so current registration, CTO and EPR status could not be checked at the authoritative source. The CPCB list is dated 08-06-2023 (over three years before this review). | M51: human_verification_required | N51: Look up the entity on the CPCB EPR portal (record registration number, validity, date checked) and ask HSPCB Faridabad Regional Office for the CTO/authorisation number and validity. | P51: FBD-EW-HSPCB-HIST-021|Current registration / authorization
A52: FBD-EW-HSPCB-HIST-021 | B52: Naturevolt Recyclers India Pvt Ltd | C52: Operating at recorded address | D52: unverified | E52: naturevoltrecyclers.com home page (company website, fetched 2026-10-10) | F52: https://www.naturevoltrecyclers.com | G52: https://www.ndmc.gov.in/pdf/cpcb_approved_list_of_e-waste_recyclers_dismantler.pdf | H52: Company website gives only 'Faridabad' under contact; no plot-level address. | I52: 46305 | J52: low | K52: No current source states the plot address. | L52: Two Naturevolt units are listed in 2025; location of each is unknown. | M52: human_verification_required | N52: Confirm the current operating address with the facility or HSPCB Faridabad Regional Office. | P52: FBD-EW-HSPCB-HIST-021|Operating at recorded address
A53: FBD-EW-HSPCB-HIST-021 | B53: Naturevolt Recyclers India Pvt Ltd | C53: Household (individual) intake | D53: unverified | E53: naturevoltrecyclers.com home page (company website, fetched 2026-10-10) | F53: https://www.naturevoltrecyclers.com | G53: https://www.miele.in/cs/legal/national-e-waste-recycling-program-3310 | H53: Company website addresses 'business allies'; Miele's page covers Miele customers only. No statement that households can deliver directly. | I53: 46305 | J53: low | K53: Evidence points to business/brand-programme intake, not open household intake. | M53: human_verification_required | N53: Ask the facility whether it accepts e-waste directly from individual households. | P53: FBD-EW-HSPCB-HIST-021|Household (individual) intake
A54: FBD-EW-HSPCB-HIST-021 | B54: Naturevolt Recyclers India Pvt Ltd | C54: Drop-off / collection / pickup service | D54: partially_verified | E54: naturevoltrecyclers.com home page (company website, fetched 2026-10-10) | F54: https://www.naturevoltrecyclers.com | G54: https://www.miele.in/cs/legal/national-e-waste-recycling-program-3310 | H54: Website lists 'Schedule Pickup' as a process step; Miele states customer care shares the nearest drop point and, on request, the recycler's reverse-logistics team collects from the doorstep. | I54: 46305 | J54: low | K54: A pickup process exists, but eligibility is limited to a brand programme and the website does not say who may use it. | L54: Doorstep collection is described for Miele customers, not for the public. | M54: human_verification_required | N54: Ask whether it offers household drop-off, collection or pickup (where, how, any charge or minimum). | P54: FBD-EW-HSPCB-HIST-021|Drop-off / collection / pickup service
A55: FBD-EW-HSPCB-HIST-021 | B55: Naturevolt Recyclers India Pvt Ltd | C55: Accepted item categories | D55: unverified | E55: naturevoltrecyclers.com home page (company website, fetched 2026-10-10) | F55: https://www.naturevoltrecyclers.com | H55: Website says only 'used electronics' and 'E-waste Recycling & Materials Recovery'; no itemised list. | I55: 46305 | J55: low | K55: No explicit accepted-item categories. | M55: human_verification_required | N55: Obtain a written list of the e-waste item categories accepted from households. | P55: FBD-EW-HSPCB-HIST-021|Accepted item categories
A56: FBD-EW-HSPCB-HIST-021 | B56: Naturevolt Recyclers India Pvt Ltd | C56: Contact channel | D56: partially_verified | E56: naturevoltrecyclers.com home page (company website, fetched 2026-10-10) | F56: https://www.naturevoltrecyclers.com | G56: https://www.miele.in/cs/legal/national-e-waste-recycling-program-3310 | H56: Company website lists an email (info@naturevoltrecyclers.com), a toll-free number (1800 2120 258) and a phone number; Miele's page cites the same website. | I56: 46305 | J56: medium | K56: Contact details come from the company's own site, corroborated by a brand page. | L56: Channel not tested; not confirmed as a route for public or household enquiries. | M56: human_verification_required | N56: Obtain an official contact channel in writing and confirm it may be shown publicly. | P56: FBD-EW-HSPCB-HIST-021|Contact channel
A57: FBD-EW-HSPCB-HIST-021 | B57: Naturevolt Recyclers India Pvt Ltd | C57: Operating hours | D57: unverified | E57: NO EVIDENCE LOCATED | H57: NO EVIDENCE LOCATED | I57: 46305 | J57: low | K57: No source located for this specific claim. | M57: human_verification_required | N57: Ask for intake/operating hours (days, times, holidays). | P57: FBD-EW-HSPCB-HIST-021|Operating hours
A58: FBD-EW-HSPCB-HIST-021 | B58: Naturevolt Recyclers India Pvt Ltd | C58: Listing & reuse permission | D58: unverified | E58: CPCB EPR portal and HSPCB site - automated access disallowed | F58: https://www.eprewaste.cpcb.gov.in/ | H58: Source licence and listing permission remain 'not_checked' / 'pending_clarification' in the input; no consent or reuse terms were located. | I58: 46305 | J58: low | K58: No documented permission or licence terms found. | L58: Reuse terms of the CPCB list, the HSPCB PDF and the 2025 tribunal filing were not established. | M58: human_verification_required | N58: Request documented consent to be listed publicly and confirm HSPCB/CPCB data reuse terms (licence, attribution). | P58: FBD-EW-HSPCB-HIST-021|Listing & reuse permission
A59: FBD-EW-HSPCB-HIST-022 | B59: AV Green Solutions Pvt Ltd. | C59: Entity match to historical record | D59: partially_verified | E59: CPCB list of authorised dismantlers/recyclers 'As on 08-06-2023' (mirror hosted at ndmc.gov.in; Haryana section read in full) | F59: https://www.ndmc.gov.in/pdf/cpcb_approved_list_of_e-waste_recyclers_dismantler.pdf | G59: https://www.scribd.com/document/797588587/Client-List | H59: Haryana serial 37: 'M/s. AV Green Solutions Pvt Ltd., Plot No. 274, Sector-24, Industrial Area, Faridabad'; 381 MTA. A machinery supplier's client list names 'AV Green Solutions Pvt Ltd' (PCB recycling machines). | I59: 46305 | J59: medium | K59: Name and address match the CSV; the client list suggests the company exists but says nothing about authorization. | L59: Client list is an unauthenticated third-party document with no location. Hosted on a third-party mirror (ndmc.gov.in), not the CPCB origin server; document title reads 'Rules, 2026', an apparent typo. | M59: human_verification_required | N59: Open the original HSPCB PDF, confirm the row text and number, and compare with the CSV. | P59: FBD-EW-HSPCB-HIST-022|Entity match to historical record
A60: FBD-EW-HSPCB-HIST-022 | B60: AV Green Solutions Pvt Ltd. | C60: Current registration / authorization | D60: unverified | E60: CPCB list of authorised dismantlers/recyclers 'As on 08-06-2023' (mirror hosted at ndmc.gov.in; Haryana section read in full) | F60: https://www.ndmc.gov.in/pdf/cpcb_approved_list_of_e-waste_recyclers_dismantler.pdf | G60: https://www.eprewaste.cpcb.gov.in/ | H60: Listed in the 08-06-2023 CPCB list; no later record located. | I60: 46305 | J60: low | K60: A 2023 listing is not current authorization. | L60: CPCB EPR portal and hspcb.gov.in (including the original HSPCB PDF) disallow automated access, so current registration, CTO and EPR status could not be checked at the authoritative source. The CPCB list is dated 08-06-2023 (over three years before this review). | M60: human_verification_required | N60: Look up the entity on the CPCB EPR portal (record registration number, validity, date checked) and ask HSPCB Faridabad Regional Office for the CTO/authorisation number and validity. | P60: FBD-EW-HSPCB-HIST-022|Current registration / authorization
A61: FBD-EW-HSPCB-HIST-022 | B61: AV Green Solutions Pvt Ltd. | C61: Operating at recorded address | D61: unverified | E61: NO EVIDENCE LOCATED | H61: No evidence beyond the list entry itself; no operating or site evidence located. | I61: 46305 | J61: low | K61: No source located for this specific claim. | M61: human_verification_required | N61: Confirm the current operating address with the facility or HSPCB Faridabad Regional Office. | P61: FBD-EW-HSPCB-HIST-022|Operating at recorded address
A62: FBD-EW-HSPCB-HIST-022 | B62: AV Green Solutions Pvt Ltd. | C62: Household (individual) intake | D62: unverified | E62: NO EVIDENCE LOCATED | H62: NO EVIDENCE LOCATED | I62: 46305 | J62: low | K62: No source located for this specific claim. | M62: human_verification_required | N62: Ask the facility whether it accepts e-waste directly from individual households. | P62: FBD-EW-HSPCB-HIST-022|Household (individual) intake
A63: FBD-EW-HSPCB-HIST-022 | B63: AV Green Solutions Pvt Ltd. | C63: Drop-off / collection / pickup service | D63: unverified | E63: NO EVIDENCE LOCATED | H63: NO EVIDENCE LOCATED | I63: 46305 | J63: low | K63: No source located for this specific claim. | M63: human_verification_required | N63: Ask whether it offers household drop-off, collection or pickup (where, how, any charge or minimum). | P63: FBD-EW-HSPCB-HIST-022|Drop-off / collection / pickup service
A64: FBD-EW-HSPCB-HIST-022 | B64: AV Green Solutions Pvt Ltd. | C64: Accepted item categories | D64: unverified | E64: NO EVIDENCE LOCATED | H64: NO EVIDENCE LOCATED | I64: 46305 | J64: low | K64: No source located for this specific claim. | M64: human_verification_required | N64: Obtain a written list of the e-waste item categories accepted from households. | P64: FBD-EW-HSPCB-HIST-022|Accepted item categories
A65: FBD-EW-HSPCB-HIST-022 | B65: AV Green Solutions Pvt Ltd. | C65: Contact channel | D65: unverified | E65: NO EVIDENCE LOCATED | H65: NO EVIDENCE LOCATED | I65: 46305 | J65: low | K65: No source located for this specific claim. | M65: human_verification_required | N65: Obtain an official contact channel in writing and confirm it may be shown publicly. | P65: FBD-EW-HSPCB-HIST-022|Contact channel
A66: FBD-EW-HSPCB-HIST-022 | B66: AV Green Solutions Pvt Ltd. | C66: Operating hours | D66: unverified | E66: NO EVIDENCE LOCATED | H66: NO EVIDENCE LOCATED | I66: 46305 | J66: low | K66: No source located for this specific claim. | M66: human_verification_required | N66: Ask for intake/operating hours (days, times, holidays). | P66: FBD-EW-HSPCB-HIST-022|Operating hours
A67: FBD-EW-HSPCB-HIST-022 | B67: AV Green Solutions Pvt Ltd. | C67: Listing & reuse permission | D67: unverified | E67: CPCB EPR portal and HSPCB site - automated access disallowed | F67: https://www.eprewaste.cpcb.gov.in/ | H67: Source licence and listing permission remain 'not_checked' / 'pending_clarification' in the input; no consent or reuse terms were located. | I67: 46305 | J67: low | K67: No documented permission or licence terms found. | L67: Reuse terms of the CPCB list, the HSPCB PDF and the 2025 tribunal filing were not established. | M67: human_verification_required | N67: Request documented consent to be listed publicly and confirm HSPCB/CPCB data reuse terms (licence, attribution). | P67: FBD-EW-HSPCB-HIST-022|Listing & reuse permission
A68: FBD-EW-HSPCB-HIST-023 | B68: Re Chakra Waste Management LLP. | C68: Entity match to historical record | D68: partially_verified | E68: CPCB list of authorised dismantlers/recyclers 'As on 08-06-2023' (mirror hosted at ndmc.gov.in; Haryana section read in full) | F68: https://www.ndmc.gov.in/pdf/cpcb_approved_list_of_e-waste_recyclers_dismantler.pdf | G68: https://www.greentribunal.gov.in/sites/default/files/news_updates/Reply%20of%20HSPCB%20in%20OA%20No.%2088%20of%202025%20(Devidas%20Khatri%20Vs.%20UOI%20%26%20Ors.).pdf https://www.eurekaforbes.com/media/E-waste_awareness_of_collection_Mecahnisim.pdf | H68: Haryana serial 38: 'M/s. Re Chakra Waste Management LLP., Plot No. -18, Sector-6, Faridabad'; 8931 MTA. The 2025 HSPCB annexure fragment lists 'M/s Re Chakra Waste Management LLP, Plot No. ... Sector-6, Faridabad' (Ballabgarh regional office). Eureka Forbes names the same recycler at Faridabad 121006. | I68: 46305 | J68: medium | K68: Name and area agree across three independent sources. | L68: Plot number is truncated in the 2025 fragment. Hosted on a third-party mirror (ndmc.gov.in), not the CPCB origin server; document title reads 'Rules, 2026', an apparent typo. | M68: human_verification_required | N68: Open the original HSPCB PDF, confirm the row text and number, and compare with the CSV. | P68: FBD-EW-HSPCB-HIST-023|Entity match to historical record
A69: FBD-EW-HSPCB-HIST-023 | B69: Re Chakra Waste Management LLP. | C69: Current registration / authorization | D69: partially_verified | E69: Eureka Forbes: E-waste awareness of collection mechanism (corporate PDF, undated) | F69: https://www.eurekaforbes.com/media/E-waste_awareness_of_collection_Mecahnisim.pdf | G69: https://www.ndmc.gov.in/pdf/cpcb_approved_list_of_e-waste_recyclers_dismantler.pdf https://www.greentribunal.gov.in/sites/default/files/news_updates/Reply%20of%20HSPCB%20in%20OA%20No.%2088%20of%202025%20(Devidas%20Khatri%20Vs.%20UOI%20%26%20Ors.).pdf https://www.eprewaste.cpcb.gov.in/ | H69: Eureka Forbes: Re-Chakra is a 'recycler registered with HSPCB'. Also in the 08-06-2023 CPCB list and the 2025 HSPCB annexure (inspection, CTO and EPR columns not legible in the extract). | I69: 46305 | J69: medium | K69: Three sources agree on registration at different dates; no current CTO or EPR record was read. | L69: CPCB EPR portal and hspcb.gov.in (including the original HSPCB PDF) disallow automated access, so current registration, CTO and EPR status could not be checked at the authoritative source. The CPCB list is dated 08-06-2023 (over three years before this review). | M69: human_verification_required | N69: Look up the entity on the CPCB EPR portal (record registration number, validity, date checked) and ask HSPCB Faridabad Regional Office for the CTO/authorisation number and validity. | P69: FBD-EW-HSPCB-HIST-023|Current registration / authorization
A70: FBD-EW-HSPCB-HIST-023 | B70: Re Chakra Waste Management LLP. | C70: Operating at recorded address | D70: partially_verified | E70: HSPCB reply in NGT OA No. 88 of 2025, Annexure R-6/1 (search-extract fragments only; full file not readable here) | F70: https://www.greentribunal.gov.in/sites/default/files/news_updates/Reply%20of%20HSPCB%20in%20OA%20No.%2088%20of%202025%20(Devidas%20Khatri%20Vs.%20UOI%20%26%20Ors.).pdf | G70: https://www.eurekaforbes.com/media/E-waste_awareness_of_collection_Mecahnisim.pdf | H70: Sector-6, Faridabad appears in the 2025 HSPCB fragment; Eureka Forbes gives 'Faridabad (Haryana) 121006'. | I70: 46305 | J70: low | K70: Area is consistent across sources, but the plot number is not legible and operation is not evidenced. | L70: No site visit or dated operating evidence. | M70: human_verification_required | N70: Confirm the current operating address with the facility or HSPCB Faridabad Regional Office. | P70: FBD-EW-HSPCB-HIST-023|Operating at recorded address
A71: FBD-EW-HSPCB-HIST-023 | B71: Re Chakra Waste Management LLP. | C71: Household (individual) intake | D71: unverified | E71: Eureka Forbes: E-waste awareness of collection mechanism (corporate PDF, undated) | F71: https://www.eurekaforbes.com/media/E-waste_awareness_of_collection_Mecahnisim.pdf | H71: Eureka's customers call Eureka's own toll-free number; the recycler collects from Eureka's branches. No statement of direct household intake by Re-Chakra. | I71: 46305 | J71: low | K71: Brand take-back arrangement is not evidence of open household intake. | M71: human_verification_required | N71: Ask the facility whether it accepts e-waste directly from individual households. | P71: FBD-EW-HSPCB-HIST-023|Household (individual) intake
A72: FBD-EW-HSPCB-HIST-023 | B72: Re Chakra Waste Management LLP. | C72: Drop-off / collection / pickup service | D72: unverified | E72: Eureka Forbes: E-waste awareness of collection mechanism (corporate PDF, undated) | F72: https://www.eurekaforbes.com/media/E-waste_awareness_of_collection_Mecahnisim.pdf | H72: Collection described is brand-branch to recycler; no Re-Chakra drop-off or household pickup service was found. | I72: 46305 | J72: low | K72: Indirect only. | M72: human_verification_required | N72: Ask whether it offers household drop-off, collection or pickup (where, how, any charge or minimum). | P72: FBD-EW-HSPCB-HIST-023|Drop-off / collection / pickup service
A73: FBD-EW-HSPCB-HIST-023 | B73: Re Chakra Waste Management LLP. | C73: Accepted item categories | D73: unverified | E73: NO EVIDENCE LOCATED | H73: NO EVIDENCE LOCATED | I73: 46305 | J73: low | K73: No source located for this specific claim. | M73: human_verification_required | N73: Obtain a written list of the e-waste item categories accepted from households. | P73: FBD-EW-HSPCB-HIST-023|Accepted item categories
A74: FBD-EW-HSPCB-HIST-023 | B74: Re Chakra Waste Management LLP. | C74: Contact channel | D74: partially_verified | E74: Eureka Forbes: E-waste awareness of collection mechanism (corporate PDF, undated) | F74: https://www.eurekaforbes.com/media/E-waste_awareness_of_collection_Mecahnisim.pdf | G74: https://re-chakra.com | H74: Eureka Forbes lists info@re-chakra.com and re-chakra.com for queries. The site was fetched but returned only its title, so its own contact page could not be read. | I74: 46305 | J74: low | K74: Contact is cited by a third party; the company site could not be read. | L74: Channel not tested. | M74: human_verification_required | N74: Obtain an official contact channel in writing and confirm it may be shown publicly. | P74: FBD-EW-HSPCB-HIST-023|Contact channel
A75: FBD-EW-HSPCB-HIST-023 | B75: Re Chakra Waste Management LLP. | C75: Operating hours | D75: unverified | E75: NO EVIDENCE LOCATED | H75: NO EVIDENCE LOCATED | I75: 46305 | J75: low | K75: No source located for this specific claim. | M75: human_verification_required | N75: Ask for intake/operating hours (days, times, holidays). | P75: FBD-EW-HSPCB-HIST-023|Operating hours
A76: FBD-EW-HSPCB-HIST-023 | B76: Re Chakra Waste Management LLP. | C76: Listing & reuse permission | D76: unverified | E76: CPCB EPR portal and HSPCB site - automated access disallowed | F76: https://www.eprewaste.cpcb.gov.in/ | H76: Source licence and listing permission remain 'not_checked' / 'pending_clarification' in the input; no consent or reuse terms were located. | I76: 46305 | J76: low | K76: No documented permission or licence terms found. | L76: Reuse terms of the CPCB list, the HSPCB PDF and the 2025 tribunal filing were not established. | M76: human_verification_required | N76: Request documented consent to be listed publicly and confirm HSPCB/CPCB data reuse terms (licence, attribution). | P76: FBD-EW-HSPCB-HIST-023|Listing & reuse permission
A77: FBD-EW-HSPCB-HIST-024 | B77: CLG Projects LLP | C77: Entity match to historical record | D77: partially_verified | E77: CPCB list of authorised dismantlers/recyclers 'As on 08-06-2023' (mirror hosted at ndmc.gov.in; Haryana section read in full) | F77: https://www.ndmc.gov.in/pdf/cpcb_approved_list_of_e-waste_recyclers_dismantler.pdf | H77: Haryana serial 39: 'M/s. CLG Projects LLP, Plot no 75-76 sector 59 pragati vihar Ballabgarh faridabad'; 450 MTA. | I77: 46305 | J77: medium | K77: Name and address match the CSV; web search found no independent page for the entity. | L77: Hosted on a third-party mirror (ndmc.gov.in), not the CPCB origin server; document title reads 'Rules, 2026', an apparent typo. | M77: human_verification_required | N77: Open the original HSPCB PDF, confirm the row text and number, and compare with the CSV. | P77: FBD-EW-HSPCB-HIST-024|Entity match to historical record
A78: FBD-EW-HSPCB-HIST-024 | B78: CLG Projects LLP | C78: Current registration / authorization | D78: unverified | E78: CPCB list of authorised dismantlers/recyclers 'As on 08-06-2023' (mirror hosted at ndmc.gov.in; Haryana section read in full) | F78: https://www.ndmc.gov.in/pdf/cpcb_approved_list_of_e-waste_recyclers_dismantler.pdf | G78: https://www.eprewaste.cpcb.gov.in/ | H78: Listed in the 08-06-2023 CPCB list; no later record located. | I78: 46305 | J78: low | K78: A 2023 listing is not current authorization. | L78: CPCB EPR portal and hspcb.gov.in (including the original HSPCB PDF) disallow automated access, so current registration, CTO and EPR status could not be checked at the authoritative source. The CPCB list is dated 08-06-2023 (over three years before this review). | M78: human_verification_required | N78: Look up the entity on the CPCB EPR portal (record registration number, validity, date checked) and ask HSPCB Faridabad Regional Office for the CTO/authorisation number and validity. | P78: FBD-EW-HSPCB-HIST-024|Current registration / authorization
A79: FBD-EW-HSPCB-HIST-024 | B79: CLG Projects LLP | C79: Operating at recorded address | D79: unverified | E79: NO EVIDENCE LOCATED | H79: No evidence beyond the list entry itself; no operating or site evidence located. | I79: 46305 | J79: low | K79: No source located for this specific claim. | M79: human_verification_required | N79: Confirm the current operating address with the facility or HSPCB Faridabad Regional Office. | P79: FBD-EW-HSPCB-HIST-024|Operating at recorded address
A80: FBD-EW-HSPCB-HIST-024 | B80: CLG Projects LLP | C80: Household (individual) intake | D80: unverified | E80: NO EVIDENCE LOCATED | H80: NO EVIDENCE LOCATED | I80: 46305 | J80: low | K80: No source located for this specific claim. | M80: human_verification_required | N80: Ask the facility whether it accepts e-waste directly from individual households. | P80: FBD-EW-HSPCB-HIST-024|Household (individual) intake
A81: FBD-EW-HSPCB-HIST-024 | B81: CLG Projects LLP | C81: Drop-off / collection / pickup service | D81: unverified | E81: NO EVIDENCE LOCATED | H81: NO EVIDENCE LOCATED | I81: 46305 | J81: low | K81: No source located for this specific claim. | M81: human_verification_required | N81: Ask whether it offers household drop-off, collection or pickup (where, how, any charge or minimum). | P81: FBD-EW-HSPCB-HIST-024|Drop-off / collection / pickup service
A82: FBD-EW-HSPCB-HIST-024 | B82: CLG Projects LLP | C82: Accepted item categories | D82: unverified | E82: NO EVIDENCE LOCATED | H82: NO EVIDENCE LOCATED | I82: 46305 | J82: low | K82: No source located for this specific claim. | M82: human_verification_required | N82: Obtain a written list of the e-waste item categories accepted from households. | P82: FBD-EW-HSPCB-HIST-024|Accepted item categories
A83: FBD-EW-HSPCB-HIST-024 | B83: CLG Projects LLP | C83: Contact channel | D83: unverified | E83: NO EVIDENCE LOCATED | H83: NO EVIDENCE LOCATED | I83: 46305 | J83: low | K83: No source located for this specific claim. | M83: human_verification_required | N83: Obtain an official contact channel in writing and confirm it may be shown publicly. | P83: FBD-EW-HSPCB-HIST-024|Contact channel
A84: FBD-EW-HSPCB-HIST-024 | B84: CLG Projects LLP | C84: Operating hours | D84: unverified | E84: NO EVIDENCE LOCATED | H84: NO EVIDENCE LOCATED | I84: 46305 | J84: low | K84: No source located for this specific claim. | M84: human_verification_required | N84: Ask for intake/operating hours (days, times, holidays). | P84: FBD-EW-HSPCB-HIST-024|Operating hours
A85: FBD-EW-HSPCB-HIST-024 | B85: CLG Projects LLP | C85: Listing & reuse permission | D85: unverified | E85: CPCB EPR portal and HSPCB site - automated access disallowed | F85: https://www.eprewaste.cpcb.gov.in/ | H85: Source licence and listing permission remain 'not_checked' / 'pending_clarification' in the input; no consent or reuse terms were located. | I85: 46305 | J85: low | K85: No documented permission or licence terms found. | L85: Reuse terms of the CPCB list, the HSPCB PDF and the 2025 tribunal filing were not established. | M85: human_verification_required | N85: Request documented consent to be listed publicly and confirm HSPCB/CPCB data reuse terms (licence, attribution). | P85: FBD-EW-HSPCB-HIST-024|Listing & reuse permission
A86: FBD-EW-HSPCB-HIST-025 | B86: SSL E Waste Management LLP | C86: Entity match to historical record | D86: partially_verified | E86: CPCB list of authorised dismantlers/recyclers 'As on 08-06-2023' (mirror hosted at ndmc.gov.in; Haryana section read in full) | F86: https://www.ndmc.gov.in/pdf/cpcb_approved_list_of_e-waste_recyclers_dismantler.pdf | H86: Haryana serial 40: 'M/s. SSL E Waste Management LLP, Plot No. 410, Sector- 68, IMT, Faridabad'; 423 MTA. | I86: 46305 | J86: medium | K86: Name and address match the CSV; web search found no independent page for the entity. | L86: Hosted on a third-party mirror (ndmc.gov.in), not the CPCB origin server; document title reads 'Rules, 2026', an apparent typo. | M86: human_verification_required | N86: Open the original HSPCB PDF, confirm the row text and number, and compare with the CSV. | P86: FBD-EW-HSPCB-HIST-025|Entity match to historical record
A87: FBD-EW-HSPCB-HIST-025 | B87: SSL E Waste Management LLP | C87: Current registration / authorization | D87: unverified | E87: CPCB list of authorised dismantlers/recyclers 'As on 08-06-2023' (mirror hosted at ndmc.gov.in; Haryana section read in full) | F87: https://www.ndmc.gov.in/pdf/cpcb_approved_list_of_e-waste_recyclers_dismantler.pdf | G87: https://www.eprewaste.cpcb.gov.in/ | H87: Listed in the 08-06-2023 CPCB list; no later record located. | I87: 46305 | J87: low | K87: A 2023 listing is not current authorization. | L87: CPCB EPR portal and hspcb.gov.in (including the original HSPCB PDF) disallow automated access, so current registration, CTO and EPR status could not be checked at the authoritative source. The CPCB list is dated 08-06-2023 (over three years before this review). | M87: human_verification_required | N87: Look up the entity on the CPCB EPR portal (record registration number, validity, date checked) and ask HSPCB Faridabad Regional Office for the CTO/authorisation number and validity. | P87: FBD-EW-HSPCB-HIST-025|Current registration / authorization
A88: FBD-EW-HSPCB-HIST-025 | B88: SSL E Waste Management LLP | C88: Operating at recorded address | D88: unverified | E88: NO EVIDENCE LOCATED | H88: No evidence beyond the list entry itself; no operating or site evidence located. | I88: 46305 | J88: low | K88: No source located for this specific claim. | M88: human_verification_required | N88: Confirm the current operating address with the facility or HSPCB Faridabad Regional Office. | P88: FBD-EW-HSPCB-HIST-025|Operating at recorded address
A89: FBD-EW-HSPCB-HIST-025 | B89: SSL E Waste Management LLP | C89: Household (individual) intake | D89: unverified | E89: NO EVIDENCE LOCATED | H89: NO EVIDENCE LOCATED | I89: 46305 | J89: low | K89: No source located for this specific claim. | M89: human_verification_required | N89: Ask the facility whether it accepts e-waste directly from individual households. | P89: FBD-EW-HSPCB-HIST-025|Household (individual) intake
A90: FBD-EW-HSPCB-HIST-025 | B90: SSL E Waste Management LLP | C90: Drop-off / collection / pickup service | D90: unverified | E90: NO EVIDENCE LOCATED | H90: NO EVIDENCE LOCATED | I90: 46305 | J90: low | K90: No source located for this specific claim. | M90: human_verification_required | N90: Ask whether it offers household drop-off, collection or pickup (where, how, any charge or minimum). | P90: FBD-EW-HSPCB-HIST-025|Drop-off / collection / pickup service
A91: FBD-EW-HSPCB-HIST-025 | B91: SSL E Waste Management LLP | C91: Accepted item categories | D91: unverified | E91: NO EVIDENCE LOCATED | H91: NO EVIDENCE LOCATED | I91: 46305 | J91: low | K91: No source located for this specific claim. | M91: human_verification_required | N91: Obtain a written list of the e-waste item categories accepted from households. | P91: FBD-EW-HSPCB-HIST-025|Accepted item categories
A92: FBD-EW-HSPCB-HIST-025 | B92: SSL E Waste Management LLP | C92: Contact channel | D92: unverified | E92: NO EVIDENCE LOCATED | H92: NO EVIDENCE LOCATED | I92: 46305 | J92: low | K92: No source located for this specific claim. | M92: human_verification_required | N92: Obtain an official contact channel in writing and confirm it may be shown publicly. | P92: FBD-EW-HSPCB-HIST-025|Contact channel
A93: FBD-EW-HSPCB-HIST-025 | B93: SSL E Waste Management LLP | C93: Operating hours | D93: unverified | E93: NO EVIDENCE LOCATED | H93: NO EVIDENCE LOCATED | I93: 46305 | J93: low | K93: No source located for this specific claim. | M93: human_verification_required | N93: Ask for intake/operating hours (days, times, holidays). | P93: FBD-EW-HSPCB-HIST-025|Operating hours
A94: FBD-EW-HSPCB-HIST-025 | B94: SSL E Waste Management LLP | C94: Listing & reuse permission | D94: unverified | E94: CPCB EPR portal and HSPCB site - automated access disallowed | F94: https://www.eprewaste.cpcb.gov.in/ | H94: Source licence and listing permission remain 'not_checked' / 'pending_clarification' in the input; no consent or reuse terms were located. | I94: 46305 | J94: low | K94: No documented permission or licence terms found. | L94: Reuse terms of the CPCB list, the HSPCB PDF and the 2025 tribunal filing were not established. | M94: human_verification_required | N94: Request documented consent to be listed publicly and confirm HSPCB/CPCB data reuse terms (licence, attribution). | P94: FBD-EW-HSPCB-HIST-025|Listing & reuse permission

Sheet Human Verification Queue
A1: Human Verification Queue
A2: Outstanding checks that need a person. Questions are written for the facility or for HSPCB Faridabad Regional Office. Brown headers / cream cells are for the team to fill; nothing is pre-filled as done.
A3: Contact methods appear only where a source supports them (see Contact basis). Blank = no supported channel yet. Consent status stays 'not_requested' until a written confirmation exists; completion status starts 'open'.
A4: Queue ID | B4: Provider ID | C4: Provider name | D4: Check category | E4: Question requiring confirmation | F4: Suggested priority | G4: Responsible party | H4: Contact method (evidence-supported) | I4: Contact basis | J4: Date contacted | K4: Response date | L4: Response / evidence received | M4: Consent status | N4: Follow-up action | O4: Completion status
A5: Q001 | B5: FBD-EW-HSPCB-HIST-016 | C5: Endeavor Re-processor and Recyclers India | D5: Entity match to historical record | E5: Please confirm that 'Endeavor Re-processor and Recyclers India' at the address recorded in the HSPCB list is your registered entity (legal name, any former name, any other unit). | F5: Medium | H5: HSPCB Faridabad Regional Office: hspcbrofr@gmail.com; 0129-2225315 | I5: Taken from the input README, which cites the HSPCB regional-office page; not re-verified | M5: not_requested | N5: Open the original HSPCB PDF, confirm the row text and number, and compare with the CSV. | O5: open
A6: Q002 | B6: FBD-EW-HSPCB-HIST-016 | C6: Endeavor Re-processor and Recyclers India | D6: Current registration / authorization | E6: Please provide your current CPCB EPR registration number and validity and your current HSPCB consent/authorisation (CTO) number and validity under the E-Waste (Management) Rules. | F6: High | H6: HSPCB Faridabad Regional Office: hspcbrofr@gmail.com; 0129-2225315 | I6: Taken from the input README, which cites the HSPCB regional-office page; not re-verified | M6: not_requested | N6: Look up the entity on the CPCB EPR portal (record registration number, validity, date checked) and ask HSPCB Faridabad Regional Office for the CTO/authorisation number and validity. | O6: open
A7: Q003 | B7: FBD-EW-HSPCB-HIST-016 | C7: Endeavor Re-processor and Recyclers India | D7: Operating at recorded address | E7: Is your facility currently operating at 'Plot no. 323, Sec-24, Industrial Area, Faridabad'? Please confirm the full current address, including any other units. | F7: Medium | I7: No supported channel yet - obtain via HSPCB Faridabad Regional Office or the CPCB EPR portal entry | M7: not_requested | N7: Confirm the current operating address with the facility or HSPCB Faridabad Regional Office. | O7: open
A8: Q004 | B8: FBD-EW-HSPCB-HIST-016 | C8: Endeavor Re-processor and Recyclers India | D8: Household (individual) intake | E8: Do you accept e-waste directly from individual households (not only bulk consumers or producers)? | F8: High | I8: No supported channel yet - obtain via HSPCB Faridabad Regional Office or the CPCB EPR portal entry | M8: not_requested | N8: Ask the facility whether it accepts e-waste directly from individual households. | O8: open
A9: Q005 | B9: FBD-EW-HSPCB-HIST-016 | C9: Endeavor Re-processor and Recyclers India | D9: Drop-off / collection / pickup service | E9: Do you offer household drop-off, collection or pickup? If so, where, how is it booked, and are there charges or minimum quantities? | F9: Medium | I9: No supported channel yet - obtain via HSPCB Faridabad Regional Office or the CPCB EPR portal entry | M9: not_requested | N9: Ask whether it offers household drop-off, collection or pickup (where, how, any charge or minimum). | O9: open
A10: Q006 | B10: FBD-EW-HSPCB-HIST-016 | C10: Endeavor Re-processor and Recyclers India | D10: Accepted item categories | E10: Which e-waste item categories do you accept from households? Please share a written list, including items you do not accept. | F10: Medium | I10: No supported channel yet - obtain via HSPCB Faridabad Regional Office or the CPCB EPR portal entry | M10: not_requested | N10: Obtain a written list of the e-waste item categories accepted from households. | O10: open
A11: Q007 | B11: FBD-EW-HSPCB-HIST-016 | C11: Endeavor Re-processor and Recyclers India | D11: Contact channel | E11: Which phone, email or web contact may we publish for public enquiries? Please confirm in writing. | F11: Medium | I11: No supported channel yet - obtain via HSPCB Faridabad Regional Office or the CPCB EPR portal entry | M11: not_requested | N11: Obtain an official contact channel in writing and confirm it may be shown publicly. | O11: open
A12: Q008 | B12: FBD-EW-HSPCB-HIST-016 | C12: Endeavor Re-processor and Recyclers India | D12: Operating hours | E12: What are your intake or operating hours (days, times, holidays)? | F12: Low | I12: No supported channel yet - obtain via HSPCB Faridabad Regional Office or the CPCB EPR portal entry | M12: not_requested | N12: Ask for intake/operating hours (days, times, holidays). | O12: open
A13: Q009 | B13: FBD-EW-HSPCB-HIST-016 | C13: Endeavor Re-processor and Recyclers India | D13: Listing & reuse permission | E13: Do you consent to being listed publicly in the EcoConnect directory with the details above? Please confirm in writing, including any attribution you require. | F13: High | I13: No supported channel yet - obtain via HSPCB Faridabad Regional Office or the CPCB EPR portal entry | M13: not_requested | N13: Request documented consent to be listed publicly and confirm HSPCB/CPCB data reuse terms (licence, attribution). | O13: open
A14: Q010 | B14: FBD-EW-HSPCB-HIST-017 | C14: A to Z E-waste Solutions | D14: Entity match to historical record | E14: Please confirm that 'A to Z E-waste Solutions' at the address recorded in the HSPCB list is your registered entity (legal name, any former name, any other unit). | F14: Medium | H14: HSPCB Faridabad Regional Office: hspcbrofr@gmail.com; 0129-2225315 | I14: Taken from the input README, which cites the HSPCB regional-office page; not re-verified | M14: not_requested | N14: Open the original HSPCB PDF, confirm the row text and number, and compare with the CSV. | O14: open
A15: Q011 | B15: FBD-EW-HSPCB-HIST-017 | C15: A to Z E-waste Solutions | D15: Current registration / authorization | E15: Please provide your current CPCB EPR registration number and validity and your current HSPCB consent/authorisation (CTO) number and validity under the E-Waste (Management) Rules. | F15: High | H15: HSPCB Faridabad Regional Office: hspcbrofr@gmail.com; 0129-2225315 | I15: Taken from the input README, which cites the HSPCB regional-office page; not re-verified | M15: not_requested | N15: Look up the entity on the CPCB EPR portal (record registration number, validity, date checked) and ask HSPCB Faridabad Regional Office for the CTO/authorisation number and validity. | O15: open
A16: Q012 | B16: FBD-EW-HSPCB-HIST-017 | C16: A to Z E-waste Solutions | D16: Operating at recorded address | E16: Is your facility currently operating at 'Plot no. 66, Pargiti Vihar, Industrial Area, Sector-59, Ballabgarh, Faridabad'? Please confirm the full current address, including any other units. | F16: Medium | I16: No supported channel yet - obtain via HSPCB Faridabad Regional Office or the CPCB EPR portal entry | M16: not_requested | N16: Confirm the current operating address with the facility or HSPCB Faridabad Regional Office. | O16: open
A17: Q013 | B17: FBD-EW-HSPCB-HIST-017 | C17: A to Z E-waste Solutions | D17: Household (individual) intake | E17: Do you accept e-waste directly from individual households (not only bulk consumers or producers)? | F17: High | I17: No supported channel yet - obtain via HSPCB Faridabad Regional Office or the CPCB EPR portal entry | M17: not_requested | N17: Ask the facility whether it accepts e-waste directly from individual households. | O17: open
A18: Q014 | B18: FBD-EW-HSPCB-HIST-017 | C18: A to Z E-waste Solutions | D18: Drop-off / collection / pickup service | E18: Do you offer household drop-off, collection or pickup? If so, where, how is it booked, and are there charges or minimum quantities? | F18: Medium | I18: No supported channel yet - obtain via HSPCB Faridabad Regional Office or the CPCB EPR portal entry | M18: not_requested | N18: Ask whether it offers household drop-off, collection or pickup (where, how, any charge or minimum). | O18: open
A19: Q015 | B19: FBD-EW-HSPCB-HIST-017 | C19: A to Z E-waste Solutions | D19: Accepted item categories | E19: Which e-waste item categories do you accept from households? Please share a written list, including items you do not accept. | F19: Medium | I19: No supported channel yet - obtain via HSPCB Faridabad Regional Office or the CPCB EPR portal entry | M19: not_requested | N19: Obtain a written list of the e-waste item categories accepted from households. | O19: open
A20: Q016 | B20: FBD-EW-HSPCB-HIST-017 | C20: A to Z E-waste Solutions | D20: Contact channel | E20: Which phone, email or web contact may we publish for public enquiries? Please confirm in writing. | F20: Medium | I20: No supported channel yet - obtain via HSPCB Faridabad Regional Office or the CPCB EPR portal entry | M20: not_requested | N20: Obtain an official contact channel in writing and confirm it may be shown publicly. | O20: open
A21: Q017 | B21: FBD-EW-HSPCB-HIST-017 | C21: A to Z E-waste Solutions | D21: Operating hours | E21: What are your intake or operating hours (days, times, holidays)? | F21: Low | I21: No supported channel yet - obtain via HSPCB Faridabad Regional Office or the CPCB EPR portal entry | M21: not_requested | N21: Ask for intake/operating hours (days, times, holidays). | O21: open
A22: Q018 | B22: FBD-EW-HSPCB-HIST-017 | C22: A to Z E-waste Solutions | D22: Listing & reuse permission | E22: Do you consent to being listed publicly in the EcoConnect directory with the details above? Please confirm in writing, including any attribution you require. | F22: High | I22: No supported channel yet - obtain via HSPCB Faridabad Regional Office or the CPCB EPR portal entry | M22: not_requested | N22: Request documented consent to be listed publicly and confirm HSPCB/CPCB data reuse terms (licence, attribution). | O22: open
A23: Q019 | B23: FBD-EW-HSPCB-HIST-018 | C23: E-waste Solutions | D23: Entity match to historical record | E23: Please confirm that 'E-waste Solutions' at the address recorded in the HSPCB list is your registered entity (legal name, any former name, any other unit). | F23: Medium | H23: HSPCB Faridabad Regional Office: hspcbrofr@gmail.com; 0129-2225315 | I23: Taken from the input README, which cites the HSPCB regional-office page; not re-verified | M23: not_requested | N23: Open the original HSPCB PDF, confirm the row text and number, and compare with the CSV. | O23: open
A24: Q020 | B24: FBD-EW-HSPCB-HIST-018 | C24: E-waste Solutions | D24: Current registration / authorization | E24: Please provide your current CPCB EPR registration number and validity and your current HSPCB consent/authorisation (CTO) number and validity under the E-Waste (Management) Rules. | F24: High | H24: HSPCB Faridabad Regional Office: hspcbrofr@gmail.com; 0129-2225315 | I24: Taken from the input README, which cites the HSPCB regional-office page; not re-verified | M24: not_requested | N24: Look up the entity on the CPCB EPR portal (record registration number, validity, date checked) and ask HSPCB Faridabad Regional Office for the CTO/authorisation number and validity. | O24: open
A25: Q021 | B25: FBD-EW-HSPCB-HIST-018 | C25: E-waste Solutions | D25: Operating at recorded address | E25: Is your facility currently operating at 'Industrial Shed, 1A, Industrial Estate, Sector-6, Faridabad'? Please confirm the full current address, including any other units. | F25: Medium | I25: No supported channel yet - obtain via HSPCB Faridabad Regional Office or the CPCB EPR portal entry | M25: not_requested | N25: Confirm the current operating address with the facility or HSPCB Faridabad Regional Office. | O25: open
A26: Q022 | B26: FBD-EW-HSPCB-HIST-018 | C26: E-waste Solutions | D26: Household (individual) intake | E26: Do you accept e-waste directly from individual households (not only bulk consumers or producers)? | F26: High | I26: No supported channel yet - obtain via HSPCB Faridabad Regional Office or the CPCB EPR portal entry | M26: not_requested | N26: Ask the facility whether it accepts e-waste directly from individual households. | O26: open
A27: Q023 | B27: FBD-EW-HSPCB-HIST-018 | C27: E-waste Solutions | D27: Drop-off / collection / pickup service | E27: Do you offer household drop-off, collection or pickup? If so, where, how is it booked, and are there charges or minimum quantities? | F27: Medium | I27: No supported channel yet - obtain via HSPCB Faridabad Regional Office or the CPCB EPR portal entry | M27: not_requested | N27: Ask whether it offers household drop-off, collection or pickup (where, how, any charge or minimum). | O27: open
A28: Q024 | B28: FBD-EW-HSPCB-HIST-018 | C28: E-waste Solutions | D28: Accepted item categories | E28: Which e-waste item categories do you accept from households? Please share a written list, including items you do not accept. | F28: Medium | I28: No supported channel yet - obtain via HSPCB Faridabad Regional Office or the CPCB EPR portal entry | M28: not_requested | N28: Obtain a written list of the e-waste item categories accepted from households. | O28: open
A29: Q025 | B29: FBD-EW-HSPCB-HIST-018 | C29: E-waste Solutions | D29: Contact channel | E29: Which phone, email or web contact may we publish for public enquiries? Please confirm in writing. | F29: Medium | I29: No supported channel yet - obtain via HSPCB Faridabad Regional Office or the CPCB EPR portal entry | M29: not_requested | N29: Obtain an official contact channel in writing and confirm it may be shown publicly. | O29: open
A30: Q026 | B30: FBD-EW-HSPCB-HIST-018 | C30: E-waste Solutions | D30: Operating hours | E30: What are your intake or operating hours (days, times, holidays)? | F30: Low | I30: No supported channel yet - obtain via HSPCB Faridabad Regional Office or the CPCB EPR portal entry | M30: not_requested | N30: Ask for intake/operating hours (days, times, holidays). | O30: open
A31: Q027 | B31: FBD-EW-HSPCB-HIST-018 | C31: E-waste Solutions | D31: Listing & reuse permission | E31: Do you consent to being listed publicly in the EcoConnect directory with the details above? Please confirm in writing, including any attribution you require. | F31: High | I31: No supported channel yet - obtain via HSPCB Faridabad Regional Office or the CPCB EPR portal entry | M31: not_requested | N31: Request documented consent to be listed publicly and confirm HSPCB/CPCB data reuse terms (licence, attribution). | O31: open
A32: Q028 | B32: FBD-EW-HSPCB-HIST-019 | C32: V S Enterprises | D32: Entity match to historical record | E32: Please confirm that 'V S Enterprises' at the address recorded in the HSPCB list is your registered entity (legal name, any former name, any other unit). | F32: Medium | H32: HSPCB Faridabad Regional Office: hspcbrofr@gmail.com; 0129-2225315 | I32: Taken from the input README, which cites the HSPCB regional-office page; not re-verified | M32: not_requested | N32: Open the original HSPCB PDF, confirm the row text and number, and compare with the CSV. | O32: open
A33: Q029 | B33: FBD-EW-HSPCB-HIST-019 | C33: V S Enterprises | D33: Current registration / authorization | E33: Please provide your current CPCB EPR registration number and validity and your current HSPCB consent/authorisation (CTO) number and validity under the E-Waste (Management) Rules. | F33: High | H33: HSPCB Faridabad Regional Office: hspcbrofr@gmail.com; 0129-2225315 | I33: Taken from the input README, which cites the HSPCB regional-office page; not re-verified | M33: not_requested | N33: Look up the entity on the CPCB EPR portal (record registration number, validity, date checked) and ask HSPCB Faridabad Regional Office for the CTO/authorisation number and validity. | O33: open
A34: Q030 | B34: FBD-EW-HSPCB-HIST-019 | C34: V S Enterprises | D34: Operating at recorded address | E34: Is your facility currently operating at 'Plot no. 9, Pragati Vihar, Sector-59, Faridabad'? Please confirm the full current address, including any other units. | F34: Medium | I34: No supported channel yet - obtain via HSPCB Faridabad Regional Office or the CPCB EPR portal entry | M34: not_requested | N34: Confirm the current operating address with the facility or HSPCB Faridabad Regional Office. | O34: open
A35: Q031 | B35: FBD-EW-HSPCB-HIST-019 | C35: V S Enterprises | D35: Household (individual) intake | E35: Do you accept e-waste directly from individual households (not only bulk consumers or producers)? | F35: High | I35: No supported channel yet - obtain via HSPCB Faridabad Regional Office or the CPCB EPR portal entry | M35: not_requested | N35: Ask the facility whether it accepts e-waste directly from individual households. | O35: open
A36: Q032 | B36: FBD-EW-HSPCB-HIST-019 | C36: V S Enterprises | D36: Drop-off / collection / pickup service | E36: Do you offer household drop-off, collection or pickup? If so, where, how is it booked, and are there charges or minimum quantities? | F36: Medium | I36: No supported channel yet - obtain via HSPCB Faridabad Regional Office or the CPCB EPR portal entry | M36: not_requested | N36: Ask whether it offers household drop-off, collection or pickup (where, how, any charge or minimum). | O36: open
A37: Q033 | B37: FBD-EW-HSPCB-HIST-019 | C37: V S Enterprises | D37: Accepted item categories | E37: Which e-waste item categories do you accept from households? Please share a written list, including items you do not accept. | F37: Medium | I37: No supported channel yet - obtain via HSPCB Faridabad Regional Office or the CPCB EPR portal entry | M37: not_requested | N37: Obtain a written list of the e-waste item categories accepted from households. | O37: open
A38: Q034 | B38: FBD-EW-HSPCB-HIST-019 | C38: V S Enterprises | D38: Contact channel | E38: Which phone, email or web contact may we publish for public enquiries? Please confirm in writing. | F38: Medium | I38: No supported channel yet - obtain via HSPCB Faridabad Regional Office or the CPCB EPR portal entry | M38: not_requested | N38: Obtain an official contact channel in writing and confirm it may be shown publicly. | O38: open
A39: Q035 | B39: FBD-EW-HSPCB-HIST-019 | C39: V S Enterprises | D39: Operating hours | E39: What are your intake or operating hours (days, times, holidays)? | F39: Low | I39: No supported channel yet - obtain via HSPCB Faridabad Regional Office or the CPCB EPR portal entry | M39: not_requested | N39: Ask for intake/operating hours (days, times, holidays). | O39: open
A40: Q036 | B40: FBD-EW-HSPCB-HIST-019 | C40: V S Enterprises | D40: Listing & reuse permission | E40: Do you consent to being listed publicly in the EcoConnect directory with the details above? Please confirm in writing, including any attribution you require. | F40: High | I40: No supported channel yet - obtain via HSPCB Faridabad Regional Office or the CPCB EPR portal entry | M40: not_requested | N40: Request documented consent to be listed publicly and confirm HSPCB/CPCB data reuse terms (licence, attribution). | O40: open
A41: Q037 | B41: FBD-EW-HSPCB-HIST-020 | C41: AMN E-Waste Management Pvt Ltd. | D41: Entity match to historical record | E41: Please confirm that 'AMN E-Waste Management Pvt Ltd.' at the address recorded in the HSPCB list is your registered entity (legal name, any former name, any other unit). | F41: Medium | H41: HSPCB Faridabad Regional Office: hspcbrofr@gmail.com; 0129-2225315 | I41: Taken from the input README, which cites the HSPCB regional-office page; not re-verified | M41: not_requested | N41: Open the original HSPCB PDF, confirm the row text and number, and compare with the CSV. | O41: open
A42: Q038 | B42: FBD-EW-HSPCB-HIST-020 | C42: AMN E-Waste Management Pvt Ltd. | D42: Current registration / authorization | E42: Please provide your current CPCB EPR registration number and validity and your current HSPCB consent/authorisation (CTO) number and validity under the E-Waste (Management) Rules. | F42: High | H42: HSPCB Faridabad Regional Office: hspcbrofr@gmail.com; 0129-2225315 | I42: Taken from the input README, which cites the HSPCB regional-office page; not re-verified | M42: not_requested | N42: Look up the entity on the CPCB EPR portal (record registration number, validity, date checked) and ask HSPCB Faridabad Regional Office for the CTO/authorisation number and validity. | O42: open
A43: Q039 | B43: FBD-EW-HSPCB-HIST-020 | C43: AMN E-Waste Management Pvt Ltd. | D43: Operating at recorded address | E43: Is your facility currently operating at 'Plot No. 171, Sector-59, Industrial Area, Faridabad'? Please confirm the full current address, including any other units. | F43: Medium | I43: No supported channel yet - obtain via HSPCB Faridabad Regional Office or the CPCB EPR portal entry | M43: not_requested | N43: Confirm the current operating address with the facility or HSPCB Faridabad Regional Office. | O43: open
A44: Q040 | B44: FBD-EW-HSPCB-HIST-020 | C44: AMN E-Waste Management Pvt Ltd. | D44: Household (individual) intake | E44: Do you accept e-waste directly from individual households (not only bulk consumers or producers)? | F44: High | I44: No supported channel yet - obtain via HSPCB Faridabad Regional Office or the CPCB EPR portal entry | M44: not_requested | N44: Ask the facility whether it accepts e-waste directly from individual households. | O44: open
A45: Q041 | B45: FBD-EW-HSPCB-HIST-020 | C45: AMN E-Waste Management Pvt Ltd. | D45: Drop-off / collection / pickup service | E45: Do you offer household drop-off, collection or pickup? If so, where, how is it booked, and are there charges or minimum quantities? | F45: Medium | I45: No supported channel yet - obtain via HSPCB Faridabad Regional Office or the CPCB EPR portal entry | M45: not_requested | N45: Ask whether it offers household drop-off, collection or pickup (where, how, any charge or minimum). | O45: open
A46: Q042 | B46: FBD-EW-HSPCB-HIST-020 | C46: AMN E-Waste Management Pvt Ltd. | D46: Accepted item categories | E46: Which e-waste item categories do you accept from households? Please share a written list, including items you do not accept. | F46: Medium | I46: No supported channel yet - obtain via HSPCB Faridabad Regional Office or the CPCB EPR portal entry | M46: not_requested | N46: Obtain a written list of the e-waste item categories accepted from households. | O46: open
A47: Q043 | B47: FBD-EW-HSPCB-HIST-020 | C47: AMN E-Waste Management Pvt Ltd. | D47: Contact channel | E47: Which phone, email or web contact may we publish for public enquiries? Please confirm in writing. | F47: Medium | I47: No supported channel yet - obtain via HSPCB Faridabad Regional Office or the CPCB EPR portal entry | M47: not_requested | N47: Obtain an official contact channel in writing and confirm it may be shown publicly. | O47: open
A48: Q044 | B48: FBD-EW-HSPCB-HIST-020 | C48: AMN E-Waste Management Pvt Ltd. | D48: Operating hours | E48: What are your intake or operating hours (days, times, holidays)? | F48: Low | I48: No supported channel yet - obtain via HSPCB Faridabad Regional Office or the CPCB EPR portal entry | M48: not_requested | N48: Ask for intake/operating hours (days, times, holidays). | O48: open
A49: Q045 | B49: FBD-EW-HSPCB-HIST-020 | C49: AMN E-Waste Management Pvt Ltd. | D49: Listing & reuse permission | E49: Do you consent to being listed publicly in the EcoConnect directory with the details above? Please confirm in writing, including any attribution you require. | F49: High | I49: No supported channel yet - obtain via HSPCB Faridabad Regional Office or the CPCB EPR portal entry | M49: not_requested | N49: Request documented consent to be listed publicly and confirm HSPCB/CPCB data reuse terms (licence, attribution). | O49: open
A50: Q046 | B50: FBD-EW-HSPCB-HIST-021 | C50: Naturevolt Recyclers India Pvt Ltd | D50: Entity match to historical record | E50: Please confirm that 'Naturevolt Recyclers India Pvt Ltd' at the address recorded in the HSPCB list is your registered entity (legal name, any former name, any other unit). | F50: Medium | H50: HSPCB Faridabad Regional Office: hspcbrofr@gmail.com; 0129-2225315 | I50: Taken from the input README, which cites the HSPCB regional-office page; not re-verified | M50: not_requested | N50: Open the original HSPCB PDF, confirm the row text and number, and compare with the CSV. | O50: open
A51: Q047 | B51: FBD-EW-HSPCB-HIST-021 | C51: Naturevolt Recyclers India Pvt Ltd | D51: Current registration / authorization | E51: Please provide your current CPCB EPR registration number and validity and your current HSPCB consent/authorisation (CTO) number and validity under the E-Waste (Management) Rules. | F51: High | H51: HSPCB Faridabad Regional Office: hspcbrofr@gmail.com; 0129-2225315 | I51: Taken from the input README, which cites the HSPCB regional-office page; not re-verified | M51: not_requested | N51: Look up the entity on the CPCB EPR portal (record registration number, validity, date checked) and ask HSPCB Faridabad Regional Office for the CTO/authorisation number and validity. | O51: open
A52: Q048 | B52: FBD-EW-HSPCB-HIST-021 | C52: Naturevolt Recyclers India Pvt Ltd | D52: Operating at recorded address | E52: Is your facility currently operating at 'Plot No. 323, Part-IV, Sector-24, Faridabad'? Please confirm the full current address, including any other units. | F52: Medium | H52: info@naturevoltrecyclers.com; toll-free 1800 2120 258 | I52: Company website, fetched 2026-10-10 | M52: not_requested | N52: Confirm the current operating address with the facility or HSPCB Faridabad Regional Office. | O52: open
A53: Q049 | B53: FBD-EW-HSPCB-HIST-021 | C53: Naturevolt Recyclers India Pvt Ltd | D53: Household (individual) intake | E53: Do you accept e-waste directly from individual households (not only bulk consumers or producers)? | F53: High | H53: info@naturevoltrecyclers.com; toll-free 1800 2120 258 | I53: Company website, fetched 2026-10-10 | M53: not_requested | N53: Ask the facility whether it accepts e-waste directly from individual households. | O53: open
A54: Q050 | B54: FBD-EW-HSPCB-HIST-021 | C54: Naturevolt Recyclers India Pvt Ltd | D54: Drop-off / collection / pickup service | E54: Do you offer household drop-off, collection or pickup? If so, where, how is it booked, and are there charges or minimum quantities? | F54: Medium | H54: info@naturevoltrecyclers.com; toll-free 1800 2120 258 | I54: Company website, fetched 2026-10-10 | M54: not_requested | N54: Ask whether it offers household drop-off, collection or pickup (where, how, any charge or minimum). | O54: open
A55: Q051 | B55: FBD-EW-HSPCB-HIST-021 | C55: Naturevolt Recyclers India Pvt Ltd | D55: Accepted item categories | E55: Which e-waste item categories do you accept from households? Please share a written list, including items you do not accept. | F55: Medium | H55: info@naturevoltrecyclers.com; toll-free 1800 2120 258 | I55: Company website, fetched 2026-10-10 | M55: not_requested | N55: Obtain a written list of the e-waste item categories accepted from households. | O55: open
A56: Q052 | B56: FBD-EW-HSPCB-HIST-021 | C56: Naturevolt Recyclers India Pvt Ltd | D56: Contact channel | E56: Which phone, email or web contact may we publish for public enquiries? Please confirm in writing. | F56: Medium | H56: info@naturevoltrecyclers.com; toll-free 1800 2120 258 | I56: Company website, fetched 2026-10-10 | M56: not_requested | N56: Obtain an official contact channel in writing and confirm it may be shown publicly. | O56: open
A57: Q053 | B57: FBD-EW-HSPCB-HIST-021 | C57: Naturevolt Recyclers India Pvt Ltd | D57: Operating hours | E57: What are your intake or operating hours (days, times, holidays)? | F57: Low | H57: info@naturevoltrecyclers.com; toll-free 1800 2120 258 | I57: Company website, fetched 2026-10-10 | M57: not_requested | N57: Ask for intake/operating hours (days, times, holidays). | O57: open
A58: Q054 | B58: FBD-EW-HSPCB-HIST-021 | C58: Naturevolt Recyclers India Pvt Ltd | D58: Listing & reuse permission | E58: Do you consent to being listed publicly in the EcoConnect directory with the details above? Please confirm in writing, including any attribution you require. | F58: High | H58: info@naturevoltrecyclers.com; toll-free 1800 2120 258 | I58: Company website, fetched 2026-10-10 | M58: not_requested | N58: Request documented consent to be listed publicly and confirm HSPCB/CPCB data reuse terms (licence, attribution). | O58: open
A59: Q055 | B59: FBD-EW-HSPCB-HIST-022 | C59: AV Green Solutions Pvt Ltd. | D59: Entity match to historical record | E59: Please confirm that 'AV Green Solutions Pvt Ltd.' at the address recorded in the HSPCB list is your registered entity (legal name, any former name, any other unit). | F59: Medium | H59: HSPCB Faridabad Regional Office: hspcbrofr@gmail.com; 0129-2225315 | I59: Taken from the input README, which cites the HSPCB regional-office page; not re-verified | M59: not_requested | N59: Open the original HSPCB PDF, confirm the row text and number, and compare with the CSV. | O59: open
A60: Q056 | B60: FBD-EW-HSPCB-HIST-022 | C60: AV Green Solutions Pvt Ltd. | D60: Current registration / authorization | E60: Please provide your current CPCB EPR registration number and validity and your current HSPCB consent/authorisation (CTO) number and validity under the E-Waste (Management) Rules. | F60: High | H60: HSPCB Faridabad Regional Office: hspcbrofr@gmail.com; 0129-2225315 | I60: Taken from the input README, which cites the HSPCB regional-office page; not re-verified | M60: not_requested | N60: Look up the entity on the CPCB EPR portal (record registration number, validity, date checked) and ask HSPCB Faridabad Regional Office for the CTO/authorisation number and validity. | O60: open
A61: Q057 | B61: FBD-EW-HSPCB-HIST-022 | C61: AV Green Solutions Pvt Ltd. | D61: Operating at recorded address | E61: Is your facility currently operating at 'Plot No. 274, Sector-24, Industrial Area, Faridabad'? Please confirm the full current address, including any other units. | F61: Medium | I61: No supported channel yet - obtain via HSPCB Faridabad Regional Office or the CPCB EPR portal entry | M61: not_requested | N61: Confirm the current operating address with the facility or HSPCB Faridabad Regional Office. | O61: open
A62: Q058 | B62: FBD-EW-HSPCB-HIST-022 | C62: AV Green Solutions Pvt Ltd. | D62: Household (individual) intake | E62: Do you accept e-waste directly from individual households (not only bulk consumers or producers)? | F62: High | I62: No supported channel yet - obtain via HSPCB Faridabad Regional Office or the CPCB EPR portal entry | M62: not_requested | N62: Ask the facility whether it accepts e-waste directly from individual households. | O62: open
A63: Q059 | B63: FBD-EW-HSPCB-HIST-022 | C63: AV Green Solutions Pvt Ltd. | D63: Drop-off / collection / pickup service | E63: Do you offer household drop-off, collection or pickup? If so, where, how is it booked, and are there charges or minimum quantities? | F63: Medium | I63: No supported channel yet - obtain via HSPCB Faridabad Regional Office or the CPCB EPR portal entry | M63: not_requested | N63: Ask whether it offers household drop-off, collection or pickup (where, how, any charge or minimum). | O63: open
A64: Q060 | B64: FBD-EW-HSPCB-HIST-022 | C64: AV Green Solutions Pvt Ltd. | D64: Accepted item categories | E64: Which e-waste item categories do you accept from households? Please share a written list, including items you do not accept. | F64: Medium | I64: No supported channel yet - obtain via HSPCB Faridabad Regional Office or the CPCB EPR portal entry | M64: not_requested | N64: Obtain a written list of the e-waste item categories accepted from households. | O64: open
A65: Q061 | B65: FBD-EW-HSPCB-HIST-022 | C65: AV Green Solutions Pvt Ltd. | D65: Contact channel | E65: Which phone, email or web contact may we publish for public enquiries? Please confirm in writing. | F65: Medium | I65: No supported channel yet - obtain via HSPCB Faridabad Regional Office or the CPCB EPR portal entry | M65: not_requested | N65: Obtain an official contact channel in writing and confirm it may be shown publicly. | O65: open
A66: Q062 | B66: FBD-EW-HSPCB-HIST-022 | C66: AV Green Solutions Pvt Ltd. | D66: Operating hours | E66: What are your intake or operating hours (days, times, holidays)? | F66: Low | I66: No supported channel yet - obtain via HSPCB Faridabad Regional Office or the CPCB EPR portal entry | M66: not_requested | N66: Ask for intake/operating hours (days, times, holidays). | O66: open
A67: Q063 | B67: FBD-EW-HSPCB-HIST-022 | C67: AV Green Solutions Pvt Ltd. | D67: Listing & reuse permission | E67: Do you consent to being listed publicly in the EcoConnect directory with the details above? Please confirm in writing, including any attribution you require. | F67: High | I67: No supported channel yet - obtain via HSPCB Faridabad Regional Office or the CPCB EPR portal entry | M67: not_requested | N67: Request documented consent to be listed publicly and confirm HSPCB/CPCB data reuse terms (licence, attribution). | O67: open
A68: Q064 | B68: FBD-EW-HSPCB-HIST-023 | C68: Re Chakra Waste Management LLP. | D68: Entity match to historical record | E68: Please confirm that 'Re Chakra Waste Management LLP.' at the address recorded in the HSPCB list is your registered entity (legal name, any former name, any other unit). | F68: Medium | H68: HSPCB Faridabad Regional Office: hspcbrofr@gmail.com; 0129-2225315 | I68: Taken from the input README, which cites the HSPCB regional-office page; not re-verified | M68: not_requested | N68: Open the original HSPCB PDF, confirm the row text and number, and compare with the CSV. | O68: open
A69: Q065 | B69: FBD-EW-HSPCB-HIST-023 | C69: Re Chakra Waste Management LLP. | D69: Current registration / authorization | E69: Please provide your current CPCB EPR registration number and validity and your current HSPCB consent/authorisation (CTO) number and validity under the E-Waste (Management) Rules. | F69: High | H69: HSPCB Faridabad Regional Office: hspcbrofr@gmail.com; 0129-2225315 | I69: Taken from the input README, which cites the HSPCB regional-office page; not re-verified | M69: not_requested | N69: Look up the entity on the CPCB EPR portal (record registration number, validity, date checked) and ask HSPCB Faridabad Regional Office for the CTO/authorisation number and validity. | O69: open
A70: Q066 | B70: FBD-EW-HSPCB-HIST-023 | C70: Re Chakra Waste Management LLP. | D70: Operating at recorded address | E70: Is your facility currently operating at 'Plot No. 18, Sector-6, Faridabad'? Please confirm the full current address, including any other units. | F70: Medium | H70: info@re-chakra.com; re-chakra.com | I70: Cited in Eureka Forbes PDF; company site content not readable | M70: not_requested | N70: Confirm the current operating address with the facility or HSPCB Faridabad Regional Office. | O70: open
A71: Q067 | B71: FBD-EW-HSPCB-HIST-023 | C71: Re Chakra Waste Management LLP. | D71: Household (individual) intake | E71: Do you accept e-waste directly from individual households (not only bulk consumers or producers)? | F71: High | H71: info@re-chakra.com; re-chakra.com | I71: Cited in Eureka Forbes PDF; company site content not readable | M71: not_requested | N71: Ask the facility whether it accepts e-waste directly from individual households. | O71: open
A72: Q068 | B72: FBD-EW-HSPCB-HIST-023 | C72: Re Chakra Waste Management LLP. | D72: Drop-off / collection / pickup service | E72: Do you offer household drop-off, collection or pickup? If so, where, how is it booked, and are there charges or minimum quantities? | F72: Medium | H72: info@re-chakra.com; re-chakra.com | I72: Cited in Eureka Forbes PDF; company site content not readable | M72: not_requested | N72: Ask whether it offers household drop-off, collection or pickup (where, how, any charge or minimum). | O72: open
A73: Q069 | B73: FBD-EW-HSPCB-HIST-023 | C73: Re Chakra Waste Management LLP. | D73: Accepted item categories | E73: Which e-waste item categories do you accept from households? Please share a written list, including items you do not accept. | F73: Medium | H73: info@re-chakra.com; re-chakra.com | I73: Cited in Eureka Forbes PDF; company site content not readable | M73: not_requested | N73: Obtain a written list of the e-waste item categories accepted from households. | O73: open
A74: Q070 | B74: FBD-EW-HSPCB-HIST-023 | C74: Re Chakra Waste Management LLP. | D74: Contact channel | E74: Which phone, email or web contact may we publish for public enquiries? Please confirm in writing. | F74: Medium | H74: info@re-chakra.com; re-chakra.com | I74: Cited in Eureka Forbes PDF; company site content not readable | M74: not_requested | N74: Obtain an official contact channel in writing and confirm it may be shown publicly. | O74: open
A75: Q071 | B75: FBD-EW-HSPCB-HIST-023 | C75: Re Chakra Waste Management LLP. | D75: Operating hours | E75: What are your intake or operating hours (days, times, holidays)? | F75: Low | H75: info@re-chakra.com; re-chakra.com | I75: Cited in Eureka Forbes PDF; company site content not readable | M75: not_requested | N75: Ask for intake/operating hours (days, times, holidays). | O75: open
A76: Q072 | B76: FBD-EW-HSPCB-HIST-023 | C76: Re Chakra Waste Management LLP. | D76: Listing & reuse permission | E76: Do you consent to being listed publicly in the EcoConnect directory with the details above? Please confirm in writing, including any attribution you require. | F76: High | H76: info@re-chakra.com; re-chakra.com | I76: Cited in Eureka Forbes PDF; company site content not readable | M76: not_requested | N76: Request documented consent to be listed publicly and confirm HSPCB/CPCB data reuse terms (licence, attribution). | O76: open
A77: Q073 | B77: FBD-EW-HSPCB-HIST-024 | C77: CLG Projects LLP | D77: Entity match to historical record | E77: Please confirm that 'CLG Projects LLP' at the address recorded in the HSPCB list is your registered entity (legal name, any former name, any other unit). | F77: Medium | H77: HSPCB Faridabad Regional Office: hspcbrofr@gmail.com; 0129-2225315 | I77: Taken from the input README, which cites the HSPCB regional-office page; not re-verified | M77: not_requested | N77: Open the original HSPCB PDF, confirm the row text and number, and compare with the CSV. | O77: open
A78: Q074 | B78: FBD-EW-HSPCB-HIST-024 | C78: CLG Projects LLP | D78: Current registration / authorization | E78: Please provide your current CPCB EPR registration number and validity and your current HSPCB consent/authorisation (CTO) number and validity under the E-Waste (Management) Rules. | F78: High | H78: HSPCB Faridabad Regional Office: hspcbrofr@gmail.com; 0129-2225315 | I78: Taken from the input README, which cites the HSPCB regional-office page; not re-verified | M78: not_requested | N78: Look up the entity on the CPCB EPR portal (record registration number, validity, date checked) and ask HSPCB Faridabad Regional Office for the CTO/authorisation number and validity. | O78: open
A79: Q075 | B79: FBD-EW-HSPCB-HIST-024 | C79: CLG Projects LLP | D79: Operating at recorded address | E79: Is your facility currently operating at 'Plot No. 75-76, Sector-59, Pragati Vihar, Ballabgarh, Faridabad'? Please confirm the full current address, including any other units. | F79: Medium | I79: No supported channel yet - obtain via HSPCB Faridabad Regional Office or the CPCB EPR portal entry | M79: not_requested | N79: Confirm the current operating address with the facility or HSPCB Faridabad Regional Office. | O79: open
A80: Q076 | B80: FBD-EW-HSPCB-HIST-024 | C80: CLG Projects LLP | D80: Household (individual) intake | E80: Do you accept e-waste directly from individual households (not only bulk consumers or producers)? | F80: High | I80: No supported channel yet - obtain via HSPCB Faridabad Regional Office or the CPCB EPR portal entry | M80: not_requested | N80: Ask the facility whether it accepts e-waste directly from individual households. | O80: open
A81: Q077 | B81: FBD-EW-HSPCB-HIST-024 | C81: CLG Projects LLP | D81: Drop-off / collection / pickup service | E81: Do you offer household drop-off, collection or pickup? If so, where, how is it booked, and are there charges or minimum quantities? | F81: Medium | I81: No supported channel yet - obtain via HSPCB Faridabad Regional Office or the CPCB EPR portal entry | M81: not_requested | N81: Ask whether it offers household drop-off, collection or pickup (where, how, any charge or minimum). | O81: open
A82: Q078 | B82: FBD-EW-HSPCB-HIST-024 | C82: CLG Projects LLP | D82: Accepted item categories | E82: Which e-waste item categories do you accept from households? Please share a written list, including items you do not accept. | F82: Medium | I82: No supported channel yet - obtain via HSPCB Faridabad Regional Office or the CPCB EPR portal entry | M82: not_requested | N82: Obtain a written list of the e-waste item categories accepted from households. | O82: open
A83: Q079 | B83: FBD-EW-HSPCB-HIST-024 | C83: CLG Projects LLP | D83: Contact channel | E83: Which phone, email or web contact may we publish for public enquiries? Please confirm in writing. | F83: Medium | I83: No supported channel yet - obtain via HSPCB Faridabad Regional Office or the CPCB EPR portal entry | M83: not_requested | N83: Obtain an official contact channel in writing and confirm it may be shown publicly. | O83: open
A84: Q080 | B84: FBD-EW-HSPCB-HIST-024 | C84: CLG Projects LLP | D84: Operating hours | E84: What are your intake or operating hours (days, times, holidays)? | F84: Low | I84: No supported channel yet - obtain via HSPCB Faridabad Regional Office or the CPCB EPR portal entry | M84: not_requested | N84: Ask for intake/operating hours (days, times, holidays). | O84: open
A85: Q081 | B85: FBD-EW-HSPCB-HIST-024 | C85: CLG Projects LLP | D85: Listing & reuse permission | E85: Do you consent to being listed publicly in the EcoConnect directory with the details above? Please confirm in writing, including any attribution you require. | F85: High | I85: No supported channel yet - obtain via HSPCB Faridabad Regional Office or the CPCB EPR portal entry | M85: not_requested | N85: Request documented consent to be listed publicly and confirm HSPCB/CPCB data reuse terms (licence, attribution). | O85: open
A86: Q082 | B86: FBD-EW-HSPCB-HIST-025 | C86: SSL E Waste Management LLP | D86: Entity match to historical record | E86: Please confirm that 'SSL E Waste Management LLP' at the address recorded in the HSPCB list is your registered entity (legal name, any former name, any other unit). | F86: Medium | H86: HSPCB Faridabad Regional Office: hspcbrofr@gmail.com; 0129-2225315 | I86: Taken from the input README, which cites the HSPCB regional-office page; not re-verified | M86: not_requested | N86: Open the original HSPCB PDF, confirm the row text and number, and compare with the CSV. | O86: open
A87: Q083 | B87: FBD-EW-HSPCB-HIST-025 | C87: SSL E Waste Management LLP | D87: Current registration / authorization | E87: Please provide your current CPCB EPR registration number and validity and your current HSPCB consent/authorisation (CTO) number and validity under the E-Waste (Management) Rules. | F87: High | H87: HSPCB Faridabad Regional Office: hspcbrofr@gmail.com; 0129-2225315 | I87: Taken from the input README, which cites the HSPCB regional-office page; not re-verified | M87: not_requested | N87: Look up the entity on the CPCB EPR portal (record registration number, validity, date checked) and ask HSPCB Faridabad Regional Office for the CTO/authorisation number and validity. | O87: open
A88: Q084 | B88: FBD-EW-HSPCB-HIST-025 | C88: SSL E Waste Management LLP | D88: Operating at recorded address | E88: Is your facility currently operating at 'Plot No. 410, Sector-68, IMT, Faridabad'? Please confirm the full current address, including any other units. | F88: Medium | I88: No supported channel yet - obtain via HSPCB Faridabad Regional Office or the CPCB EPR portal entry | M88: not_requested | N88: Confirm the current operating address with the facility or HSPCB Faridabad Regional Office. | O88: open
A89: Q085 | B89: FBD-EW-HSPCB-HIST-025 | C89: SSL E Waste Management LLP | D89: Household (individual) intake | E89: Do you accept e-waste directly from individual households (not only bulk consumers or producers)? | F89: High | I89: No supported channel yet - obtain via HSPCB Faridabad Regional Office or the CPCB EPR portal entry | M89: not_requested | N89: Ask the facility whether it accepts e-waste directly from individual households. | O89: open
A90: Q086 | B90: FBD-EW-HSPCB-HIST-025 | C90: SSL E Waste Management LLP | D90: Drop-off / collection / pickup service | E90: Do you offer household drop-off, collection or pickup? If so, where, how is it booked, and are there charges or minimum quantities? | F90: Medium | I90: No supported channel yet - obtain via HSPCB Faridabad Regional Office or the CPCB EPR portal entry | M90: not_requested | N90: Ask whether it offers household drop-off, collection or pickup (where, how, any charge or minimum). | O90: open
A91: Q087 | B91: FBD-EW-HSPCB-HIST-025 | C91: SSL E Waste Management LLP | D91: Accepted item categories | E91: Which e-waste item categories do you accept from households? Please share a written list, including items you do not accept. | F91: Medium | I91: No supported channel yet - obtain via HSPCB Faridabad Regional Office or the CPCB EPR portal entry | M91: not_requested | N91: Obtain a written list of the e-waste item categories accepted from households. | O91: open
A92: Q088 | B92: FBD-EW-HSPCB-HIST-025 | C92: SSL E Waste Management LLP | D92: Contact channel | E92: Which phone, email or web contact may we publish for public enquiries? Please confirm in writing. | F92: Medium | I92: No supported channel yet - obtain via HSPCB Faridabad Regional Office or the CPCB EPR portal entry | M92: not_requested | N92: Obtain an official contact channel in writing and confirm it may be shown publicly. | O92: open
A93: Q089 | B93: FBD-EW-HSPCB-HIST-025 | C93: SSL E Waste Management LLP | D93: Operating hours | E93: What are your intake or operating hours (days, times, holidays)? | F93: Low | I93: No supported channel yet - obtain via HSPCB Faridabad Regional Office or the CPCB EPR portal entry | M93: not_requested | N93: Ask for intake/operating hours (days, times, holidays). | O93: open
A94: Q090 | B94: FBD-EW-HSPCB-HIST-025 | C94: SSL E Waste Management LLP | D94: Listing & reuse permission | E94: Do you consent to being listed publicly in the EcoConnect directory with the details above? Please confirm in writing, including any attribution you require. | F94: High | I94: No supported channel yet - obtain via HSPCB Faridabad Regional Office or the CPCB EPR portal entry | M94: not_requested | N94: Request documented consent to be listed publicly and confirm HSPCB/CPCB data reuse terms (licence, attribution). | O94: open
A95: Q091 | B95: ALL | C95: All candidates | D95: Program | E95: Ask HSPCB Faridabad Regional Office for the latest applicable list, the publication date of the list used, and its reuse/attribution terms. | F95: High | H95: HSPCB Faridabad Regional Office: hspcbrofr@gmail.com; 0129-2225315 | I95: Taken from the input README, which cites the HSPCB regional-office page; not re-verified | M95: not_applicable | N95: See question | O95: open
A96: Q092 | B96: ALL | C96: All candidates | D96: Program | E96: Open the original HSPCB PDF (ewaster_66ac829eb3965.pdf) in a browser and confirm rows 16-25 against the CSV, including 'Pargiti Vihar' vs 'Pragati Vihar'. | F96: High | I96: Automated access to hspcb.gov.in is disallowed; needs a person with a browser | M96: not_applicable | N96: See question | O96: open
A97: Q093 | B97: ALL | C97: All candidates | D97: Program | E97: Check each provider on the CPCB EPR portal and record registration number, validity and date checked. | F97: High | I97: https://www.eprewaste.cpcb.gov.in/ - automated access disallowed | M97: not_applicable | N97: See question | O97: open
A98: Q094 | B98: ALL | C98: All candidates | D98: Program | E98: Read AGENTS.md, docs/roles/MEMBER_3_DATA_QA_DEMO.md and docs/DATA_GUIDELINES.md and map fields to the approved schema before any production use. | F98: Medium | I98: Repository files not available in this review | M98: not_applicable | N98: See question | O98: open

Sheet Data Dictionary
A1: Data Dictionary
A2: Fields used in this workbook. Original-field meanings come only from the input CSV and README; no repository schema rules were invented.
A3: 'Allowed / observed values' lists values seen in the input. Anything marked 'confirm' must be checked against AGENTS.md and docs/DATA_GUIDELINES.md, which were not available.
A4: Field | B4: Where it appears | C4: Meaning | D4: Allowed / observed values | E4: Evidence requirement | F4: Mandatory for publication? | G4: Needs repo confirmation?
A5: provider_id | B5: Register (original) | C5: Stable identifier of the candidate record. | D5: Observed: FBD-EW-HSPCB-HIST-016 to -025. Format rule not defined in the files. | E5: Must stay unchanged from the input CSV. | F5: Not defined in the provided files | G5: Yes - confirm against AGENTS.md and docs/DATA_GUIDELINES.md
A6: provider_name | B6: Register (original) | C6: Name as transcribed from the HSPCB extract. | D6: Free text as listed. Not corrected. | E6: Match to the original PDF; record discrepancies separately. | F6: Not defined in the provided files | G6: Yes - confirm against AGENTS.md and docs/DATA_GUIDELINES.md
A7: provider_type_as_listed | B7: Register (original) | C7: Type as listed in the source (Dismantler or Recycler). | D7: Observed: Dismantler, Recycler. The CPCB 2023 list does not distinguish the two. | E7: Confirm from authorisation/EPR record. | F7: Not defined in the provided files | G7: Yes - confirm against AGENTS.md and docs/DATA_GUIDELINES.md
A8: address_as_listed | B8: Register (original) | C8: Address as transcribed from the source. | D8: Free text as listed. Not corrected. | E8: Confirm current address with the facility or regulator. | F8: Not defined in the provided files | G8: Yes - confirm against AGENTS.md and docs/DATA_GUIDELINES.md
A9: accepted_item_types | B9: Register (original) | C9: E-waste item categories the provider accepts. | D9: Blank in all rows. README: left blank until verified. | E9: Explicit written evidence of accepted items; never inferred. | F9: Not defined in the provided files | G9: Yes - confirm against AGENTS.md and docs/DATA_GUIDELINES.md
A10: service_modes | B10: Register (original) | C10: How the provider takes e-waste (drop-off, pickup, etc.). | D10: Blank in all rows. README: left blank until verified. | E10: Explicit evidence of the service and who it is open to. | F10: Not defined in the provided files | G10: Yes - confirm against AGENTS.md and docs/DATA_GUIDELINES.md
A11: source_url | B11: Register (original) | C11: Document the record was transcribed from. | D11: URL (here the HSPCB PDF). | E11: Keep; resolves to the original record. | F11: Not defined in the provided files | G11: Yes - confirm against AGENTS.md and docs/DATA_GUIDELINES.md
A12: source_title | B12: Register (original) | C12: Title of the source, with caveats. | D12: Free text. | E12: Keep. | F12: Not defined in the provided files | G12: Yes - confirm against AGENTS.md and docs/DATA_GUIDELINES.md
A13: source_accessed_at | B13: Register (original) | C13: Date the source was accessed when the record was made. | D13: Date. Observed: 2026-10-09. | E13: Keep; separate from this review's access date (2026-10-10). | F13: Not defined in the provided files | G13: Yes - confirm against AGENTS.md and docs/DATA_GUIDELINES.md
A14: source_publication_date | B14: Register (original) | C14: Publication date of the source. | D14: Observed: 'Not established from accessible record'. | E14: Establish from the original document or HSPCB. | F14: Not defined in the provided files | G14: Yes - confirm against AGENTS.md and docs/DATA_GUIDELINES.md
A15: registration_status | B15: Register (original) | C15: Registration/authorization state of the provider. | D15: Observed: unknown_needs_current_verification. Full list of allowed values not in the files. | E15: Current CPCB EPR registration and HSPCB consent evidence with number, validity and date. | F15: Per task brief: must not claim authorization until current evidence exists | G15: Yes - confirm against AGENTS.md and docs/DATA_GUIDELINES.md
... A38: Suggested priority | B38: Human Verification Queue | C38: Researcher's suggested ordering. | D38: High | Medium | Low (a suggestion, not a rule). | E38: n/a | F38: No - workbook-only field, not part of the repository schema | G38: No - workbook-only field, not part of the repository schema
